scenario,method,metric,scaling_exponent,r_squared,p_value,n_sizes,max_n_in_primary_fit
warehouse,c_kam,total_decision_time_ms,2.4523834584557007,0.9857654978318602,0.0007238809416384488,5,512
warehouse,c_kam,total_candidate_evaluations,1.760153299256863,0.9699579085575024,0.0022302029185881263,5,512
warehouse,c_kam,total_control_message_hops,1.1086857813026727,0.9968906937346783,7.365287601240353e-05,5,512
warehouse,c_kam,total_reorganization_cost,0.2892449688508209,0.9598131355950116,0.0034612579520442418,5,512
warehouse,c_kam,disturbance_backlog_auc_mean,0.8360271818187898,0.9483834142547898,0.005056333623996004,5,512
warehouse,d_kam,total_decision_time_ms,2.1801535587870298,0.9939860013653729,0.00019829840881118439,5,512
warehouse,d_kam,total_candidate_evaluations,1.4568497729324177,0.9983901952819265,2.7425750886639585e-05,5,512
warehouse,d_kam,total_control_message_hops,1.0107315236332794,0.9999664042345942,8.264565977851705e-08,5,512
warehouse,d_kam,total_reorganization_cost,0.8699148682400021,0.9936172802214536,0.00021683589630629857,5,512
warehouse,d_kam,disturbance_backlog_auc_mean,1.0018760186071767,0.9540458237743372,0.00424006568674437,5,512
edge,c_kam,total_decision_time_ms,2.1865977592034533,0.9878629439317197,0.0005695707416134081,5,512
edge,c_kam,total_candidate_evaluations,1.8400513939785907,0.9632834303574452,0.003019499295007081,5,512
edge,c_kam,total_control_message_hops,1.0602751012092944,0.998948201276865,1.448187903408583e-05,5,512
edge,c_kam,total_reorganization_cost,0.23563339236650505,0.8450984784648614,0.02718798315268013,5,512
edge,c_kam,disturbance_backlog_auc_mean,1.8859047709603296,0.9879939826901494,0.0005603493194879899,5,512
edge,d_kam,total_decision_time_ms,1.8103894692613567,0.9772848529322063,0.0014630123018135417,5,512
edge,d_kam,total_candidate_evaluations,1.33730203283854,0.9950477683611082,0.00014812785826874585,5,512
edge,d_kam,total_control_message_hops,1.0071382479697684,0.9999549388654267,1.283801617686534e-07,5,512
edge,d_kam,total_reorganization_cost,0.8325573877117804,0.9873874650610142,0.0006034534228309248,5,512
edge,d_kam,disturbance_backlog_auc_mean,1.82791481493192,0.9840174819241372,0.0008616917987120214,5,512
enterprise,c_kam,total_decision_time_ms,2.743849691395609,0.9983754483316005,2.7803594733034404e-05,5,512
enterprise,c_kam,total_candidate_evaluations,2.228678435538345,0.9984027284776056,2.710598671911502e-05,5,512
enterprise,c_kam,total_control_message_hops,1.2228551875984233,0.9990968566655105,1.1522364125519624e-05,5,512
enterprise,c_kam,total_reorganization_cost,0.25161206645419926,0.7760520874789534,0.04842619608824229,5,512
enterprise,c_kam,disturbance_backlog_auc_mean,-0.5744976851372391,0.9921378727167055,0.00029656946475886643,5,512
enterprise,d_kam,total_decision_time_ms,1.9267491482866312,0.9690878959885633,0.0023284025761655777,5,512
enterprise,d_kam,total_candidate_evaluations,1.3955484690279145,0.9848189016206301,0.0007975047118152399,5,512
enterprise,d_kam,total_control_message_hops,1.024569504521464,0.9999670396298723,8.031215478703075e-08,5,512
enterprise,d_kam,total_reorganization_cost,0.30109193327243694,0.9203903199652689,0.009771099052322594,5,512
enterprise,d_kam,disturbance_backlog_auc_mean,0.05540747664691588,0.22533221549628782,0.4191387969866923,5,512
hpc,c_kam,total_decision_time_ms,2.301958534813729,0.9841954392725693,0.0008472943755076129,5,512
hpc,c_kam,total_candidate_evaluations,1.7459613516447328,0.9704864045432016,0.0021712600172260335,5,512
hpc,c_kam,total_control_message_hops,1.1142020006212952,0.9961139073014659,0.00010293561677636574,5,512
hpc,c_kam,total_reorganization_cost,0.15761216540917813,0.7483363841812557,0.058281708266982354,5,512
hpc,c_kam,disturbance_backlog_auc_mean,0.7930711753675813,0.9844265178155361,0.0008287218673385885,5,512
hpc,d_kam,total_decision_time_ms,2.163193865697793,0.9661655269588811,0.0026686700016411943,5,512
hpc,d_kam,total_candidate_evaluations,1.4732491086008679,0.9940285143438969,0.00019619695693311808,5,512
hpc,d_kam,total_control_message_hops,1.0068863906810737,0.999961789508854,1.0024616617119656e-07,5,512
hpc,d_kam,total_reorganization_cost,0.593051689084631,0.9901440668599847,0.0004165091139804157,5,512
hpc,d_kam,disturbance_backlog_auc_mean,0.988581252683141,0.9975736857426687,5.0760495862384683e-05,5,512
