scenario,method,runs,completion_ratio_mean,completion_ratio_sd,completion_ratio_ci95_t,disturbance_backlog_auc_mean_mean,disturbance_backlog_auc_mean_sd,disturbance_backlog_auc_mean_ci95_t,disturbance_service_loss_auc_mean_mean,disturbance_service_loss_auc_mean_sd,disturbance_service_loss_auc_mean_ci95_t,mean_service_ratio_mean,mean_service_ratio_sd,mean_service_ratio_ci95_t,mean_backlog_to_capacity_mean,mean_backlog_to_capacity_sd,mean_backlog_to_capacity_ci95_t,final_backlog_mean,final_backlog_sd,final_backlog_ci95_t,mean_raw_load_imbalance_mean,mean_raw_load_imbalance_sd,mean_raw_load_imbalance_ci95_t,mean_kam_capacity_mismatch_mean,mean_kam_capacity_mismatch_sd,mean_kam_capacity_mismatch_ci95_t,mean_overload_penalty_mean,mean_overload_penalty_sd,mean_overload_penalty_ci95_t,mean_makespan_proxy_mean,mean_makespan_proxy_sd,mean_makespan_proxy_ci95_t,mean_cross_communication_ratio_mean,mean_cross_communication_ratio_sd,mean_cross_communication_ratio_ci95_t,mean_coordination_cost_normalized_mean,mean_coordination_cost_normalized_sd,mean_coordination_cost_normalized_ci95_t,mean_management_overhead_normalized_mean,mean_management_overhead_normalized_sd,mean_management_overhead_normalized_ci95_t,mean_objective_mean,mean_objective_sd,mean_objective_ci95_t,total_reorganization_cost_mean,total_reorganization_cost_sd,total_reorganization_cost_ci95_t,total_moved_agents_mean,total_moved_agents_sd,total_moved_agents_ci95_t,total_control_messages_mean,total_control_messages_sd,total_control_messages_ci95_t,total_control_message_hops_mean,total_control_message_hops_sd,total_control_message_hops_ci95_t,total_candidate_evaluations_mean,total_candidate_evaluations_sd,total_candidate_evaluations_ci95_t,mean_decision_time_ms_mean,mean_decision_time_ms_sd,mean_decision_time_ms_ci95_t
warehouse,static,50,0.8991998133537532,0.03270377762012485,0.009294310762471107,108.0841510098277,38.03627360375951,10.809789352963687,8.88975560742201,0.34473161744909003,0.09797164166898828,0.1366505920369889,0.03649500001216334,0.010371764244773447,10.296617657724124,3.6206484174402362,1.028976895092106,1132.5103122382932,373.0337040315196,106.01500567968266,1.3844170490798533,0.23720118951681937,0.06741183218052677,1.3895025264404317,0.2537875316308971,0.07212561845352405,561.7810133772642,460.1509094482671,130.77344151869787,49.1163747447581,21.15173145371067,6.011255567434697,0.7325962255099334,0.04192518300831148,0.01191500517704513,0.8079554710480431,0.030109904160514633,0.008557140081696054,0.5100570378302732,0.00578220393402434,0.0016432841758847565,2015.0825692562294,1648.7112699943502,468.5585585527657,0.0,0.0,0.0,0.0,0.0,0.0,0.0,0.0,0.0,0.0,0.0,0.0,0.0,0.0,0.0,0.0,0.0,0.0
warehouse,greedy_load,50,0.9997736703928843,0.0014705050093356865,0.0004179128996439211,3.884272759173504,2.632527083231224,0.7481559190616597,1.5560257194090559,0.8258499217271362,0.2347039508662468,0.8333549313982195,0.08076213371606672,0.02295234444523183,0.39762922391197436,0.2568381309788447,0.0729925891955881,2.6008473596760835,16.88639245654386,4.799059636816579,0.2801875033394492,0.3884511264484738,0.11039658865043042,0.3135890224932013,0.38726658132130337,0.11005994465009579,3.1051243949495326,10.670166032259043,3.0324276339853693,3.1071889848991856,6.17199238833018,1.7540608289070172,0.8591921602297238,0.014976619999490662,0.004256308309809707,0.898874369619529,0.01075593618145238,0.003056803240681515,0.5137322906329073,0.006350910490592147,0.0018049087909611317,12.47789140575175,38.61279155934322,10.973633943077406,35.07175091099562,1.2860679135312445,0.365496456979534,89.96,0.1979486637221574,0.0562563877794188,0.0,0.0,0.0,0.0,0.0,0.0,0.0,0.0,0.0,129.38552607442836,2.1929493408859497,0.6232293069412205
warehouse,affinity_greedy,50,0.8636453264867389,0.03389255432990866,0.009632157365278228,131.92406220166276,38.833883277724624,11.036467514217547,9.014533828306012,0.293629682763855,0.08344863252169632,0.12479666105300852,0.03154946196533463,0.008966257883130234,12.561409220948455,3.6956655385752986,1.050296525027033,1537.8072375405768,406.07723870022494,115.40587432699284,1.2762221073099624,0.1839158232064415,0.05226829863117927,1.2919601968655139,0.18830822581546217,0.05351660564073418,712.6140959714213,420.03065262083123,119.37139068665951,54.11024329871413,18.75338556336621,5.329653207007694,0.6180691134623228,0.06478800789423951,0.018412548117375395,0.7257041814865773,0.046529569305862925,0.013223557284296876,0.5284551268546984,0.012612230054820829,0.003584356122368817,2555.35052598454,1504.9561547746023,427.70380684588696,15.108104850002858,3.7208488159018516,1.0574535332543162,38.48,9.040137257401188,2.56917858180321,0.0,0.0,0.0,0.0,0.0,0.0,0.0,0.0,0.0,1.2382407807803246,0.0657084628773135,0.018674138529190396
warehouse,balanced_affinity,50,0.9997643843653199,0.00150809777357599,0.0004285966450304076,3.9401580370181106,2.6187321057091175,0.7442354298282425,1.6059544937476011,0.8114898648550443,0.2306228678584584,0.8286116978360576,0.07932865162354519,0.022544953342127774,0.402938325307212,0.2554641173432217,0.07260209884093578,2.709909034770253,17.317877743710298,4.921686398621953,0.28839009925006154,0.3844023557811937,0.10924594075816607,0.3233216122205677,0.38466267195157317,0.1093199217952226,3.105838688900258,10.655174469471177,3.0281670789820905,3.131563351247433,6.163176633618136,1.7515554191390323,0.8317480562394249,0.02749923693279516,0.007815196664832425,0.8791645131174052,0.01974945197900743,0.005612732150197831,0.513603437169462,0.006323496669062155,0.0017971178690851866,12.477284037855684,38.55439789725535,10.957038647931153,30.01449266862728,2.016893532855523,0.5731947999072132,83.66,4.415233370308495,1.2547954401214878,0.0,0.0,0.0,0.0,0.0,0.0,0.0,0.0,0.0,129.62497622702213,2.4561013709262816,0.6980162863960006
warehouse,dynamic_leiden,50,0.95365960271624,0.028251915657481034,0.008029105591586688,53.879964029722935,28.237405161368788,8.024981754219903,8.024762353157538,0.7228892087172035,0.20544283998922563,0.2188249511921137,0.07154356635106303,0.020332456587922227,5.147219894614171,2.687339801623535,0.7637335212699272,516.5682154319474,307.1473031498616,87.29029772918436,1.0378811987768783,0.24923067098854818,0.07083057298803623,1.0788640061094248,0.26210353089691524,0.0744889992952312,126.22871045335692,179.12378973330988,50.906417786684976,20.07612959041762,11.123201842118167,3.161178986574294,0.6792856755300264,0.04960495142587317,0.01409757121225158,0.7696688033352008,0.035625374205854377,0.0101246193251625,0.5185529615198143,0.005601697483304195,0.0015919848101933964,454.2864828760446,641.8636039109364,182.4156178886448,30.043690004583894,7.261435632941816,2.063677173266709,77.24,18.659746044600382,5.303041150224313,1244.16,163.30656784722657,46.41121306398186,1244.16,163.30656784722657,46.41121306398186,2070.8,400.11177009859205,113.71050690885028,7.255519767012447,1.3562906018836738,0.385453524193751
warehouse,domain_heuristic,50,0.9997772410556623,0.0014862481532535183,0.0004223870516409856,3.9800842102653418,2.640265147677144,0.7503550526448134,1.6349569309221008,0.8235303202653046,0.23404472742479096,0.8258564663044803,0.08051961049949768,0.0228834201096982,0.406731311765699,0.2575291827770357,0.07318898394361864,2.554587440464347,17.06766025117298,4.850575374052821,0.2923522837738212,0.38220322887907865,0.1086209558077489,0.33045048693175916,0.3766869163697071,0.10705323713865374,3.1107612617679457,10.660526027294441,3.029687974887466,3.1437716520787813,6.163788090111616,1.751729193151752,0.8265845494923538,0.026634313639927347,0.007569388184754381,0.8754561764535996,0.019128279795947823,0.005436196969050874,0.5135935961556677,0.006385745942363428,0.0018148089168143026,12.499858596048323,38.563834939874056,10.959720625768567,30.328089344729296,2.3046175617898994,0.6549650641809255,83.9,4.74771695939539,1.349286230643918,0.0,0.0,0.0,0.0,0.0,0.0,40213.6,261.96182928052707,74.44872814143503,147.26742916073127,2.5558468722713004,0.7263636442281001
warehouse,c_kam,50,0.9999814631137509,3.534440879317871e-05,1.0044769838377015e-05,3.4307259395319125,1.8894804858323966,0.5369844125941112,1.3135049450003162,0.43915606420773584,0.1248067725197194,0.8563944049670497,0.04565953932494324,0.012976297499532491,0.35454227604602323,0.18866926072604864,0.05361921062704704,0.2165078515984726,0.40696084542314115,0.11565699257914053,0.17607985101945375,0.02606716958460551,0.007408207627618819,0.163467446176962,0.02780215061885019,0.007901283781895887,1.3812335714191228,1.091040532492168,0.31007028855266083,1.935543014042056,0.40650058027237196,0.11552618667059765,0.33068409916874025,0.08795609967983473,0.024996846950678008,0.5193094894030045,0.06316847158824493,0.017952280991850565,0.6972784364655906,0.04823342315686506,0.013707787190975974,6.101383580601911,3.9253566789014744,1.1155740248429606,24.038894743888303,3.235155365489849,0.9194209819123539,32.2,6.372773720912989,1.8111222522692938,6124.92,73.32923798088416,20.839938850065327,6480.42,633.3401604000098,179.993282044844,18722.48,4948.885247555189,1406.457625564392,30.585128792715842,8.263894504885315,2.3485728324368482
warehouse,d_kam,50,0.9999213628024157,0.00031507485118635164,8.954328195294619e-05,3.8813266925777357,1.9302695321122991,0.5485765312855293,1.5442762135622445,0.449771302383591,0.12782358982963565,0.8344711344536667,0.0456362772704623,0.012969686496796638,0.3973493475853765,0.19228864847573585,0.05464782924432791,0.8522300398333081,3.4124282146067455,0.9698013681961448,0.23171693459840867,0.03543849662854564,0.010071509305328697,0.23151948515028295,0.03364094052833842,0.00956064951407264,1.5155034244195533,1.1709639447440603,0.3327842709951375,2.085098857891774,0.41588158113852397,0.11819223761816076,0.2782224768239338,0.088728724981329,0.025216424631839117,0.48163250608264335,0.06372335703204539,0.018109977690139008,0.8410707928348082,0.04193667695998711,0.011918271721968562,6.764107001767056,4.206587833331693,1.195499034599463,4.79793380699352,1.1275501705986892,0.3204462128978213,4.7,2.7645717829090897,0.785682607494987,6301.76,54.76240331036003,15.56330282019327,6301.76,54.76240331036003,15.56330282019327,8759.58,2247.294537520026,638.6740409359221,13.934664810396498,3.5427511250142794,1.006838729533018
edge,static,50,0.8483292520410457,0.04009678699009513,0.01139538077806713,129.3674737848313,34.48286087130199,9.79992062812077,8.351501381507262,0.21600429335685212,0.06138774094559455,0.10364822198274302,0.025599485953205558,0.007275293410208128,13.61490795880019,3.6280677271113166,1.0310854395705762,1839.4653382763481,533.8945935427031,151.73116465100705,1.4163233737401857,0.26468772061850004,0.07522341788810999,1.4214077066751178,0.2667463216941508,0.07580846584053007,910.2281389808173,539.6564425674459,153.3686640256801,63.78140679665775,23.281813311867833,6.616618133471464,0.9158240683074661,0.013128088665526267,0.003730961517411698,0.92869803433103,0.011120263340210483,0.0031603438735722613,0.5268892304726022,0.007481981301132277,0.002126355558659643,3263.599348603286,1933.5745539857692,549.5158081093141,0.0,0.0,0.0,0.0,0.0,0.0,0.0,0.0,0.0,0.0,0.0,0.0,0.0,0.0,0.0,0.0,0.0,0.0
edge,greedy_load,50,0.9997517189299898,0.00021345700799380813,6.066381045536715e-05,6.131858084671209,2.7101407467173844,0.7702134781679301,2.0638993437286888,0.4850396655552603,0.1378467477415055,0.7638464359494931,0.05356528726426072,0.015223086204228365,0.675168310283382,0.2913929171765124,0.08281295077529248,2.926946036403992,2.4284960824263035,0.6901709502092545,0.30327532646718597,0.044530559921341584,0.012655445103109456,0.31032429964819475,0.04399770440170632,0.012504009239995572,4.186505350271134,3.145175981460796,0.8938491239118542,3.147638673578088,0.858452406765519,0.24396947459550178,0.8958225022321444,0.009009025789750272,0.0025603368005269623,0.9117555313025224,0.00763117478661201,0.002168755878093431,0.5089355136147852,0.0023761755145178306,0.0006753016093319155,16.35633412179345,11.304154044224653,3.2126050334079843,72.7012871503427,4.113377611673991,1.1690089827042838,89.88,0.3854496446637726,0.10954357696539062,0.0,0.0,0.0,0.0,0.0,0.0,0.0,0.0,0.0,125.90983423597064,7.89377555294361,2.2433861901356407
edge,affinity_greedy,50,0.8642352247802052,0.040759140412519594,0.011583619537946996,110.64152052534585,33.230472179774665,9.443995700130293,8.252238302016648,0.21968786367420362,0.06243460004678326,0.11407084532925754,0.025506269342276726,0.007248801542502185,11.64868286655422,3.4947711302500317,0.993202965894317,1644.4540204118568,533.1786630503011,151.5276994563129,1.4680439205464515,0.31247934481082873,0.08880564720260346,1.484315727286248,0.31157142103661756,0.08854761812094282,720.2701927659617,489.50373159779963,139.1154212735204,60.712589214880346,24.187581384723092,6.874034571585356,0.7601379281667924,0.02715773317472213,0.007718142370648095,0.7968227156236358,0.023004197512705816,0.0065377205963136845,0.5350860788852156,0.0076569738542175214,0.0021760878919816393,2583.021887117355,1753.9487068862677,498.466707197879,33.451527293169214,9.729730751750603,2.765158884467626,41.1,10.91572540990702,3.1022148369504126,0.0,0.0,0.0,0.0,0.0,0.0,0.0,0.0,0.0,1.2571093264647062,0.1073047640114959,0.0304956765117785
edge,balanced_affinity,50,0.9997566164237542,0.00023208355991470733,6.595741794001465e-05,6.123717715297318,2.7178685167501277,0.77240968611123,2.055639876549291,0.4942963873379861,0.14047747896435497,0.7647136800033301,0.0545704193467148,0.01550874158141969,0.6743135714991236,0.292225464997124,0.08304955824796012,2.9047654201085464,2.8113156128931913,0.7989670569902956,0.3036542341567802,0.04593779189836761,0.013055376005933293,0.311195425024767,0.04450304083223693,0.012647624264519807,4.187670198038294,3.14505830933757,0.893815681864454,3.1470453380763077,0.8607387961038411,0.24461925925589184,0.8831651212429464,0.011154115658649419,0.003169964596023847,0.9010339850528486,0.009448192087326576,0.0026851464813378496,0.5087492239217561,0.0025430070494088576,0.0007227146069454716,16.351875781796032,11.305600344067914,3.2130160672755435,55.92960198793898,3.742887072163538,1.0637167363844966,83.16,2.8165690519654927,0.8004600678551822,0.0,0.0,0.0,0.0,0.0,0.0,0.0,0.0,0.0,127.23395212087489,8.849554275985398,2.515015497773841
edge,dynamic_leiden,50,0.9918849801827869,0.007960702216003228,0.002262406537326006,13.389920597131752,6.674204353141814,1.8967878900988158,4.704466060343575,1.2277287952316465,0.34891666300639484,0.4865869307049303,0.13005345251613754,0.03696078225144951,1.4372648740917393,0.7046175642222018,0.20025009607901026,98.50319826118947,98.47521084084883,27.98634526524825,0.6751933013859305,0.23309533623285508,0.0662449615880973,0.7211598034855959,0.2446826184506886,0.06953803075814717,9.253333117834414,10.495990840065474,2.9829275920585925,5.982597646395572,3.1901563217475215,0.9066323951804697,0.7315186864898482,0.025327489243657485,0.00719799280064938,0.7725805344384596,0.021453873241686346,0.006097123313491242,0.511779461112091,0.002888517280176398,0.0008209075280712105,34.83594067762671,37.805133106441055,10.744099950448062,80.01986450800463,22.14234942730615,6.292786080528084,101.08,26.1797865631062,7.440213018784145,1401.12,194.1849150281499,55.18674223570571,1401.12,194.1849150281499,55.18674223570571,2914.66,704.5092548746834,200.21931490302475,9.845914203886059,2.601492338428943,0.7393359421777388
edge,domain_heuristic,50,0.9996363480283054,0.0002965712630466913,8.428462038826663e-05,6.278524320428304,2.687656095863878,0.7638234110984442,2.195351148194703,0.4648279328228989,0.13210263685484827,0.7500439964805617,0.05141795961509987,0.014612822438617815,0.690568265037877,0.2890238968144666,0.08213968263779373,4.355896861548318,3.595603068184173,1.0218590855887406,0.3270070307716755,0.04067942570307957,0.011560964868187387,0.33315092106308675,0.04021981447715336,0.01143034480302862,4.198366891634,3.1436095381960327,0.8934039456616961,3.218629837550612,0.8420478489500978,0.23930735084856114,0.8964021611240802,0.011816784891632919,0.0033582931082715255,0.9122465364815738,0.010009511908206706,0.0028446718093594094,0.5089343597341993,0.002549541393948578,0.0007245716471163858,16.419474423152483,11.294069297863372,3.2097389802036367,59.64581941662015,3.8925199193510407,1.106241921034058,85.8,2.718042512920064,0.7724591352755941,0.0,0.0,0.0,0.0,0.0,0.0,40291.58,31.349960127566348,8.909560088170867,136.66706956084235,8.011603755141433,2.276872594688977
edge,c_kam,50,0.9998274626409414,0.00018826947927822913,5.35055939966912e-05,4.561040890324063,2.08072366133555,0.5913351217071254,1.5151656856783373,0.42372590378031977,0.1204215694464531,0.8214634700447802,0.047006157933441164,0.013359002273619637,0.5102325048769316,0.22502871022565601,0.06395245184239125,2.0815334601872264,2.3043918149585925,0.6549009076413299,0.1711434218837987,0.024296200679098184,0.006904903833492922,0.1561972433778203,0.022235722680701016,0.006319322465530311,2.3530323699639992,1.5240532381732286,0.4331311378969163,2.204479932490071,0.45839953615626283,0.13027570673631106,0.4079949342149757,0.09329613259536503,0.02651446751351541,0.4985368854526852,0.07902731231607392,0.022459313658507177,0.7321801235719962,0.05311114925716258,0.015094021610649978,9.596819837829841,5.477484138147485,1.5566837680892536,25.35918952660177,5.920903189026241,1.682702068015897,28.08,7.122370621170042,2.0241553342116942,6049.82,81.66624212023483,23.209289210723668,6363.9,278.69823121367784,79.20516094314912,13711.1,5471.788456086662,1555.0650731576643,19.104435311842828,8.136857705284676,2.312469373458106
edge,d_kam,50,0.999756718098476,0.0003240884674619579,9.210492335511863e-05,5.2719951894707755,2.363974093320355,0.6718340037950141,1.7326084918907751,0.46497546938688894,0.13214456628240487,0.7986319753924741,0.05126611626226158,0.014569669035213244,0.5848827062873364,0.25473763580922715,0.0723956350733988,2.872332748137782,3.8383580803856336,1.0908492967122232,0.22332930692670402,0.03731222374079654,0.010604016658687498,0.2202416597205209,0.03560201541819627,0.010117980831161874,2.7796945165670532,1.8541769143061633,0.5269512485785871,2.4577092064898305,0.5364225038540044,0.1524495888124541,0.33169844544982396,0.06839666226805492,0.019438116342984646,0.4339092714398508,0.057935996274117114,0.01646522796111641,0.8530609745292658,0.021927232557384366,0.006231650542532228,11.265380570425569,6.656392224503528,1.8917257391501294,6.857128521152429,1.9248360764171186,0.5470323602624836,4.9,2.340852801167706,0.6652630052702331,6282.92,37.05420188792387,10.530687659451903,6282.92,37.05420188792387,10.530687659451903,7396.94,985.3089313530461,280.0216999823937,9.995585471930099,2.048838692680221,0.582273513877701
enterprise,static,50,0.9722771998244231,0.017445884775676202,0.004958065594588004,36.90981294496059,21.94684171951988,6.237223404750049,8.93315842118088,2.2840836835602603,0.6491294005569297,0.36344041987250925,0.1649763655384316,0.04688576431713636,2.59696654710661,1.543219880278106,0.4385782373135345,98.12098106778934,62.47541629416495,17.755316856588365,1.3844559944549337,0.4932559031686495,0.14018177663523643,1.4377103176412114,0.5085385936419994,0.14452506921127703,65.43411801754826,90.33887063978457,25.674022964862296,19.389024823842714,13.99064311704649,3.9760967802275897,0.6954644135664378,0.04660076398090616,0.013243790587072203,0.8076617348840659,0.029432061461624928,0.00836449931815086,0.5293008564562443,0.010014241860521158,0.002846016046933821,236.86569314433794,323.9178898732401,92.05644574078697,0.0,0.0,0.0,0.0,0.0,0.0,0.0,0.0,0.0,0.0,0.0,0.0,0.0,0.0,0.0,0.0,0.0,0.0
enterprise,greedy_load,50,0.998445130840443,0.0035895178417362193,0.0010201296833672526,2.48936774956757,3.98573941335042,1.1327346080995846,1.4559880876922329,1.9238253627603688,0.5467451186194286,0.8868423432167144,0.1353071823602959,0.03845387575278339,0.18753538342909856,0.27981240224963233,0.07952180484805181,5.603303274712155,12.94951600737114,3.680211729486497,0.6096484041717393,0.9519685362484139,0.270546464532672,0.6692138484762993,1.0076433694454703,0.2863690770575247,6.7835291189654745,19.74205177539534,5.610629035601247,7.65805308720393,14.588715275276572,4.146067006956123,0.8101588396633421,0.023688581180696344,0.0067322202827092255,0.880100319787374,0.014961209166755605,0.004251928599605832,0.5293850221045271,0.009509605552640696,0.002702599995065219,26.051573493532963,71.59232985179585,20.346315021493456,75.5041203931374,2.1862482563992014,0.6213248798016754,89.5,0.762648446573665,0.21674229036493878,0.0,0.0,0.0,0.0,0.0,0.0,0.0,0.0,0.0,138.04032463973272,33.22495992763301,9.442429135404936
enterprise,affinity_greedy,50,0.9356238313628382,0.02279006274032024,0.00647686416734941,69.38274039769166,24.728480021446753,7.027756263284147,10.45496446762857,0.9119515272109553,0.2591737563978821,0.2569139966211708,0.06849253443007676,0.019465362909960832,4.870071468797785,1.734869493271924,0.4930444546833511,228.63164432820204,83.96012824871218,23.86120443530221,1.1641095028813297,0.27086921873282355,0.0769801802144535,1.2280049105013064,0.29288348720045204,0.08323656608899233,124.1925301424507,101.10134440963569,28.732684167609257,23.380244432650137,12.350922066487449,3.5100932137685557,0.5475975563187425,0.07090252739722994,0.02015027533299259,0.7142721408328899,0.04478054361930312,0.012726489683995321,0.5512580153921111,0.013499658582259337,0.003836560519344047,447.1448619107673,362.3779677979408,102.98667894910766,40.70766591024547,7.933866386008924,2.254779878827007,48.7,9.626176047949802,2.735728963275646,0.0,0.0,0.0,0.0,0.0,0.0,0.0,0.0,0.0,1.3990617113478947,0.3626848815417436,0.10307390287000483
enterprise,balanced_affinity,50,0.9991946923066236,0.002293675318048849,0.0006518553129176512,1.906665124263081,3.1187917654868738,0.8863508126973455,1.1836192131106984,1.624550967014372,0.4616922764180318,0.905908164437422,0.11385291533114496,0.032356640526132976,0.14674619965778427,0.2184445678980067,0.062081259296736975,2.8956798724781443,8.184389420769731,2.325977737535276,0.4758496708034077,0.8172443735646215,0.23225828113864308,0.5230384964746987,0.8523414470566566,0.24223275906218197,4.177073514515248,15.394261229835829,4.3750006341991705,5.348458510762686,12.700256247801144,3.609372889615083,0.7640847899062989,0.04047729326128836,0.01150351946383665,0.8510009199408204,0.02556460627028736,0.007265380714002088,0.5333656528194899,0.011122065053730094,0.003160855914889039,16.516977383331763,55.931820740026396,15.89564757646635,9.587219763268335,2.843868220901314,0.8082184058243893,12.7,3.660322278662559,1.0402520816968641,0.0,0.0,0.0,0.0,0.0,0.0,0.0,0.0,0.0,137.61219085425546,32.84406651539376,9.334180425367503
enterprise,dynamic_leiden,50,0.9956842187781851,0.006002228236251451,0.0017058143907103436,8.32806163529376,7.793251007660862,2.2148174304661454,4.3178068681571435,2.3954297104001334,0.6807735912567648,0.6865150285841708,0.17036238496779824,0.048416454102601265,0.5962439554299319,0.548829096920989,0.1559755035495063,15.351803429119547,21.279563346074873,6.047584989276672,1.0285231845753806,0.9327494373486145,0.2650844570598876,1.1236473318819944,0.9712179000195539,0.2760170731867234,13.3378430525004,26.524088538302262,7.538062557475834,12.674627227656618,18.04032031894958,5.127002306781193,0.6752323493560516,0.03958737477245287,0.01125060742766209,0.7948835890669799,0.02500255248786497,0.007105646796418164,0.5340963772008201,0.010398361698686414,0.002955181697073916,49.912069657746,95.8768186681775,27.24789038043034,32.08731646235451,13.852818095841528,3.936927342592507,39.12,16.661871419011536,4.735251463957255,908.64,280.51539737288095,79.7215938515079,908.64,280.51539737288095,79.7215938515079,1812.14,404.9498840244661,115.08548367311379,6.8756846454722105,2.692364239518324,0.7651614507202599
enterprise,domain_heuristic,50,0.9991943194492038,0.002298448659583385,0.0006532118815719734,1.9167357043357693,3.1126034164407286,0.884592103357721,1.194731001991454,1.6213500449410294,0.46078258443010095,0.905130339215769,0.11360523479773488,0.03228625049737033,0.1474511402628725,0.21799738705621086,0.061954171907660664,2.8973694459400314,8.202051306907714,2.3309971900378144,0.47737097071323165,0.8169974941932405,0.2321881187976098,0.5291594612922902,0.858238699052057,0.24390873953534067,4.175817422605724,15.393326266035196,4.374734920427028,5.35021617334399,12.69757914527689,3.60861206549585,0.7509183686440266,0.042605132752061646,0.012108244756114052,0.8426852854593853,0.02690850489603893,0.007647312477545717,0.5334238279161745,0.011273082064249746,0.00320377447440509,16.513735617001036,55.936251967319066,15.896906917328915,9.602295804078135,3.137575021096304,0.891688954877518,12.62,4.009631261991912,1.1395245963554768,0.0,0.0,0.0,0.0,0.0,0.0,39432.68,763.5752222276467,217.00567709155038,146.00023149452173,28.839624179620063,8.196130505526641
enterprise,c_kam,50,0.9999948827241041,2.0513829362774744e-05,5.829965799076555e-06,0.7136561777957248,0.5408248014903926,0.1537007079576719,0.4542820351813148,0.25591160217339487,0.07272927262255302,0.9569617668924788,0.024002221932173027,0.006821355998034217,0.06323557340506937,0.046465951812215946,0.013205477392647885,0.017953432313483245,0.07086377245599892,0.02013926130055981,0.14006012589416358,0.029825009254325716,0.008476173845210414,0.1476523435954021,0.028558831616669552,0.00811633014208952,0.15263091686722766,0.17068643388376667,0.048508547785546294,1.2417280836558273,0.18075777568115728,0.05137079145498742,0.43171206205086904,0.12034180417088944,0.03420076233004969,0.6410813023479173,0.076005350002667,0.021600481471610332,0.7008190866979521,0.061925065301935193,0.017598908835177715,1.7590841212275927,0.638061817213239,0.1813351620638937,6.157866489350294,2.1508189828222277,0.6112559916586014,1.3,1.2163847404233143,0.3456927183012956,6131.5,92.41372148316151,26.263689050172683,7257.74,1171.0911327580318,332.820417428765,19093.84,6256.73797894261,1778.1452592761984,33.61914214365534,11.050564956730518,3.14053581215412
enterprise,d_kam,50,0.9999524959690846,0.0001527589758338355,4.3413620580724246e-05,1.0801711465053945,0.569758126053582,0.16192346781756772,0.7760154573600164,0.34127026190416104,0.09698793530736675,0.9344404273399696,0.026244700372476313,0.00745866131928538,0.08889162121474625,0.04660794821909596,0.013245832324974878,0.1677491475040305,0.5368436122824075,0.15256926650362904,0.20076517372328712,0.0452344480301848,0.012855487890263535,0.23218911229204509,0.04659479084202332,0.013242093039784263,0.18067928165276992,0.18656069429232705,0.05301996267697952,1.416091762691754,0.2270071941878899,0.06451473076310685,0.45394833625734693,0.14617347303938447,0.04154204139468292,0.6551252650046402,0.09232008823540074,0.02623707877558922,0.7164600093019535,0.08805125607627981,0.025023890099328004,1.9654675025536708,0.6969322849567609,0.1980659638781654,2.491023754210632,1.0384591132698988,0.29512681455218925,0.76,1.1349728037737832,0.3225557019056813,6433.06,99.62263696529202,28.31244016172866,6433.06,99.62263696529202,28.31244016172866,18205.86,3901.102288024841,1108.681003223857,32.511744710136554,10.958637460996163,3.114410306932819
hpc,static,50,0.8744385373670565,0.03901130042273578,0.011086888908940749,142.98583264095043,44.050762927898184,12.519088306296537,10.181567705412105,0.3405613376873637,0.09678646127416818,0.11947194555326938,0.03214701523542154,0.009136080643480123,12.176963919924091,3.750803760557316,1.0659666343319478,1542.9859176501589,475.68781923765215,135.18898242496192,1.4349994279752942,0.2469438983157825,0.07018067938520266,1.4128144378402712,0.22828395524428038,0.06487758224055243,785.390549783547,572.5210826003957,162.70869138004352,59.51495811211352,25.883330513134727,7.3559611415895665,0.5979004099805427,0.02885526905632756,0.008200576730291531,0.6390039236269761,0.025905619330569632,0.007362295553417285,0.5118651289019598,0.00523890691518101,0.0014888808715292777,2816.1426191847127,2051.371564423427,582.9933480624941,0.0,0.0,0.0,0.0,0.0,0.0,0.0,0.0,0.0,0.0,0.0,0.0,0.0,0.0,0.0,0.0,0.0,0.0
hpc,greedy_load,50,0.9995126203238186,0.0005316749422044003,0.0001511003467203645,9.493493279414817,4.918914454083088,1.3979400203029084,3.6615664905591334,0.9734819854255119,0.2766605191396705,0.6736720488157719,0.08564912541130432,0.024341212117852104,0.8301150741935642,0.4256065952521351,0.12095605604890065,6.011259127397316,6.555892545200511,1.8631640463138825,0.3058900737051418,0.05752781120353577,0.016349223047596888,0.34839421912638785,0.05281923038248419,0.015011059184406527,3.604442273753612,3.1470444519512184,0.894380137349819,3.2378745551946344,1.0353359068853534,0.29423920911863727,0.7446765604935227,0.035535763737096965,0.010099152311722145,0.7707762898652959,0.03190321899952706,0.009066794519857218,0.5065522546326683,0.0021645197685928354,0.0006151497118924289,14.224082018817343,11.300061852924964,3.211442045508526,96.66064196058883,6.361523927508208,1.8079250963586784,89.9,0.3642156795423418,0.10350895084817398,0.0,0.0,0.0,0.0,0.0,0.0,0.0,0.0,0.0,90.8943663388578,1.1942381812354534,0.3393987358200555
hpc,affinity_greedy,50,0.8720777137933817,0.03215595511613265,0.009138621329466728,138.8660311971099,37.403440303007756,10.629940118837055,10.146072089277357,0.3205596924834551,0.09110205660247611,0.12248907292472294,0.030373058410481907,0.00863192769204709,11.82678079719764,3.1846363431871567,0.9050636346312102,1572.0743278914495,388.72969410770725,110.47575670322736,1.4038906346417568,0.2581165257356977,0.07335590496556793,1.4359259744661168,0.2697983386299657,0.07667583945660837,687.3153703385102,486.9215450243597,138.38157196904552,55.81924258184333,25.00842236147207,7.107314996039459,0.40715479650272185,0.03567963832602142,0.010140041017480216,0.4677567506379991,0.032032386408250346,0.009103503491248907,0.5156963771174022,0.006444820107412318,0.0018315976087622332,2464.689998019137,1744.7211110521678,495.8442534780423,25.826814018665072,8.352144538649195,2.373653214529935,24.72,8.11156896169959,2.3052823920517858,0.0,0.0,0.0,0.0,0.0,0.0,0.0,0.0,0.0,1.0093933784693945,0.040571103785308475,0.011530180119775574
hpc,balanced_affinity,50,0.9995906486841061,0.0004406183608717967,0.00012522235263344737,9.483652892152316,4.988463324905347,1.4177055906938736,3.67006800857489,1.0077617978997486,0.2864027340518318,0.6729494197844328,0.0887229881821054,0.025214794251539163,0.8292786412762514,0.43156622822566487,0.12264976499988649,5.0338997666958445,5.414032998539321,1.538651153734993,0.30723555235639977,0.05941932992720297,0.016886786720974403,0.35315560857392386,0.046697349746151647,0.01327123995784062,3.597506566112472,3.1524256869371317,0.8959094674114991,3.23507083363271,1.0552669361382991,0.29990354495911786,0.7060583644176903,0.04027769614488185,0.011446794590987906,0.7361057316105487,0.036160420538960604,0.010276677810575811,0.5066055149710701,0.0022547532032377656,0.0006407937702790974,14.181487293833289,11.324448916923277,3.2183727724116196,84.40528622893143,7.014911802794145,1.993615875933978,85.9,3.786388080199592,1.0760795860792376,0.0,0.0,0.0,0.0,0.0,0.0,0.0,0.0,0.0,91.32730569423583,1.2129397698315287,0.3447136684918349
hpc,dynamic_leiden,50,0.9468674335486651,0.01898162298986135,0.005394517565924051,67.51155241764346,19.959002261641736,5.6722856815907425,9.432761098002548,0.4185043253363408,0.11893761327194999,0.183120507183082,0.03798215065437074,0.010794407780937244,5.761650100943,1.7000617261174333,0.4831521967112174,654.6825047473186,234.70550772526107,66.70256726304794,1.1373657096003464,0.1750642814859909,0.04975271830793795,1.165314926823278,0.1657798737240743,0.047114118816861096,136.20791464607734,111.00049661367046,31.54599209606956,23.79790618746308,9.09792872924565,2.585602736375876,0.39849001973642084,0.02675912176797081,0.00760485826228464,0.45997770660780884,0.024023744876133797,0.006827472751028879,0.5093019947409144,0.0021643593034531327,0.0006151041082043086,489.9336237918036,397.7893249102883,113.05047528927317,75.79129908747636,22.451648550066476,6.380687918624156,70.42,20.35710776939332,5.785426015049275,1081.44,249.6230758563799,70.94209321755523,1081.44,249.6230758563799,70.94209321755523,1271.1,328.44135624156087,93.34200065860442,3.2678878276288743,0.8007433851534455,0.22756875211961536
hpc,domain_heuristic,50,0.9995309586574863,0.0005179165406717226,0.00014719025226812984,9.530202044590403,4.957556701665524,1.4089220255551242,3.695033021276174,0.9831148870989425,0.279398159504559,0.6708273937048236,0.0865671824856133,0.02460212105153633,0.8332353192334891,0.4289154764400981,0.12189642967772871,5.733042257499125,6.273330949020255,1.7828609291955995,0.3102633872192955,0.05124743710707769,0.014564360478046665,0.3567013853632142,0.041772919390766286,0.01187173233573238,3.6071308284694616,3.1540526527624504,0.8963718459830536,3.2494008163292296,1.0339400071516878,0.29384249880374214,0.701894587868837,0.03880583268798065,0.01102849562481751,0.7323675855533556,0.03483901423543154,0.009901138294280614,0.506590449504464,0.0022640404855698965,0.0006434331867139901,14.217205100565721,11.32564632240479,3.218713071284219,84.23141512388986,6.187701502469973,1.7585253097481697,85.54,4.2050018806567175,1.1950483118362696,0.0,0.0,0.0,0.0,0.0,0.0,40319.16,4.390899680020029,1.2478798818588988,108.50038500454393,1.5245058860549001,0.4332597790015341
hpc,work_stealing,50,0.9995852765178307,0.00046254092001626966,0.00013145267500672575,9.481724595414125,4.89777930704896,1.3919334779753696,3.648877217395594,0.9380919816265465,0.2666027913440226,0.6747506370346729,0.0828343602868431,0.023541264720521177,0.8291147360535053,0.42393650916151415,0.12048142283353902,5.107333609819775,5.704780057705574,1.6212805536946728,0.3042597942314189,0.04443160739765108,0.012627323107033246,0.34552877020385075,0.040394787199121554,0.011480071500409509,3.6233227163358306,3.1277255654344875,0.8888897705500852,3.1970088708546553,0.9807988203072128,0.27873994060523133,0.754324985970797,0.03602762521172292,0.010238937796150335,0.7794384318493378,0.03234480130119126,0.009192290821432749,0.5067432111930444,0.0022647324204072804,0.0006436298324189824,14.294159112817265,11.226703247173441,3.1905937604303922,96.26270171232402,6.842493486063363,1.944615132489223,89.9,0.3642156795423418,0.10350895084817398,1438.4,5.827450872677469,1.6561432135707836,0.0,0.0,0.0,0.0,0.0,0.0,0.5960193177277688,0.009653417772619483,0.00274347097576505
hpc,parmetis_adaptive,50,0.974394353845797,0.005695764227263813,0.0016187182830334414,53.993228759683376,10.10921338430247,2.8730066553541076,9.313857298350007,0.30518804097617,0.0867334815803295,0.19322733015354782,0.028640161413404815,0.008139443814579789,4.612592590016391,0.8646780116028435,0.2457387719138284,314.836760898919,68.95402214353008,19.59651626697418,0.2793411643608016,0.03959863924757354,0.011253808756070197,0.3810399132272174,0.03749463401139903,0.010655857084002851,26.399711105918268,10.34763616037985,2.9407656585938615,7.870535771426955,1.3380985191813688,0.3802833914948377,0.392866725812994,0.01278535309789724,0.003633557146824985,0.45492923828544357,0.011478405892334414,0.003262126860705098,0.5196884104198051,0.0027086309071981222,0.0007697843865242526,95.76226391699694,37.08330894902225,10.538959794688784,721.8040320530458,79.66612051412393,22.640860939657884,672.6,75.06106357697128,21.332118238740303,0.0,0.0,0.0,0.0,0.0,0.0,22.0,0.0,0.0,30.041809295129497,0.3265269831325191,0.09279794184076917
hpc,c_kam,50,0.9998945295851371,0.00015046330220837571,4.276119735512409e-05,8.144584589666843,4.885710212745515,1.388503479325649,2.8281023913438417,1.0147395228883418,0.288385781552104,0.7445164972490719,0.08947216158045952,0.025427706975572454,0.7154578355649862,0.4228956979790078,0.1201856275683059,1.3090794106239398,1.9012866606188679,0.5403396903438593,0.18439169655709256,0.0329888305969696,0.009375321922140085,0.17866231530411536,0.032895809070326396,0.009348885496774671,2.9191088345723784,2.5690571882346087,0.7301179744849773,2.5040434779896272,0.7863707102610488,0.2234840831101338,0.3416088377622232,0.05793544286089638,0.016465070682819286,0.40891104545764045,0.052013153146226974,0.014781974568575537,0.673820174992385,0.03484955116123682,0.009904132855461068,11.538260760489248,9.229900274735773,2.62310863461908,36.84395759514854,7.036552353970712,1.9997660525295526,25.94,7.6275815302099526,2.1677346859229765,6132.02,62.50207833279121,17.762894124127055,6501.48,466.8226180624648,132.66952012763662,19252.52,4214.019431006217,1197.611071289872,12.742584644045564,2.855996490834786,0.8116652220020855
hpc,d_kam,50,0.9996390081215347,0.00044027799578596485,0.00012512562194633346,9.623761915356354,5.470639629606161,1.5547385802843956,3.3779814860131383,1.082263181075752,0.3075757928805345,0.6977767742021815,0.0950421248969372,0.027010673035341975,0.8411879082485947,0.47256854063807097,0.13430249325554583,4.427892176796982,5.361349999472115,1.5236788110620085,0.24657165457827707,0.04164633628421091,0.011835757814890463,0.2622459089679847,0.04681854082671539,0.013305682081850966,3.4698072406611886,3.057942611895604,0.8690576745871299,2.8219235282287793,0.8575398833014168,0.24371013829643787,0.26936108856908497,0.05632720127282354,0.016008013480611528,0.34404862173757855,0.05056930958715712,0.014371638769260123,0.8220014524647573,0.037212498675303816,0.01057567510866036,13.696651388207737,10.982616355353475,3.1212250333074314,12.49137525725758,3.528086414107298,1.0026710648064996,8.94,3.2789371100142457,0.9318636160343049,6345.8,50.875598577434396,14.458685137169885,6345.8,50.875598577434396,14.458685137169885,8606.68,2031.0878802117,577.228788791653,5.641453191573964,1.35816153718687,0.3859852381237553
