scenario,metric,direction,n_pairs,mean_improvement_dkam_vs_ckam,median_improvement_dkam_vs_ckam,effect_size_dz,paired_t_p,wilcoxon_p
edge,completion_ratio,higher,50,-7.074454246524198e-05,0.0,-0.25252803857476647,0.0803465562113574,0.2978414119687687
edge,disturbance_backlog_auc_mean,lower,50,-0.7109542991467118,-0.7023222871862784,-1.2434642091406236,1.2037810449082224e-11,9.769962616701378e-14
edge,disturbance_service_loss_auc_mean,lower,50,-0.2174428062124378,-0.18703193394297868,-1.4030022493798955,2.6201982745923793e-13,2.4868995751603507e-14
edge,mean_service_ratio,higher,50,-0.022831494652305953,-0.019638353064012848,-1.4030022493798917,2.620198274592605e-13,2.4868995751603507e-14
edge,mean_backlog_to_capacity,lower,50,-0.07465020141040472,-0.07374384015455926,-1.2434642091406234,1.2037810449082308e-11,9.769962616701378e-14
edge,mean_raw_load_imbalance,lower,50,-0.05218588504290533,-0.04826952723084993,-1.9604989213857424,1.3942379317369668e-18,3.552713678800501e-15
edge,mean_kam_capacity_mismatch,lower,50,-0.06404441634270058,-0.06218992808455524,-2.5622263876828923,2.3225114422838552e-23,1.7763568394002505e-15
edge,mean_makespan_proxy,lower,50,-0.25322927399975975,-0.24085376470328168,-1.8829138724576098,6.7115794611795545e-18,3.552713678800501e-15
edge,mean_cross_communication_ratio,lower,50,0.07629648876515172,0.06254490050089503,0.7233714009815576,5.208367206700439e-06,1.1326234101716182e-06
edge,mean_coordination_cost_normalized,lower,50,0.06462761401283441,0.052979209836052255,0.7233714009815577,5.208367206700421e-06,1.1326234101716182e-06
enterprise,completion_ratio,higher,50,-4.238675501915257e-05,-5.551115123125783e-17,-0.2737255995926864,0.058706370023930456,0.055296481406057446
enterprise,disturbance_backlog_auc_mean,lower,50,-0.3665149687096698,-0.2741172808013132,-0.871009760941706,1.3307641986490672e-07,2.4868995751603507e-14
enterprise,disturbance_service_loss_auc_mean,lower,50,-0.3217334221787017,-0.23319976573864595,-0.8547413048900107,2.002596262994933e-07,5.329070518200751e-15
enterprise,mean_service_ratio,higher,50,-0.022521339552509127,-0.016323983601705228,-0.8547413048900113,2.0025962629948964e-07,5.329070518200751e-15
enterprise,mean_backlog_to_capacity,lower,50,-0.025656047809676886,-0.019188209656091932,-0.871009760941706,1.330764198649053e-07,2.4868995751603507e-14
enterprise,mean_raw_load_imbalance,lower,50,-0.06070504782912353,-0.06350105056665983,-1.268468188544058,6.548227748790025e-12,2.6343371928305714e-12
enterprise,mean_kam_capacity_mismatch,lower,50,-0.08453676869664298,-0.08483673346076495,-1.691402264920315,3.82219712826599e-16,1.7763568394002505e-14
enterprise,mean_makespan_proxy,lower,50,-0.17436367903592667,-0.15524989504169395,-1.0866215505366212,5.838269468039435e-10,1.1368683772161603e-12
enterprise,mean_cross_communication_ratio,lower,50,-0.022236274206477807,-0.03229556200116793,-0.15653831806716823,0.2737446653294732,0.18768390417341507
enterprise,mean_coordination_cost_normalized,lower,50,-0.014043962656722843,-0.02039719705336923,-0.1565383180671684,0.2737446653294726,0.18768390417341507
hpc,completion_ratio,higher,50,-0.0002555214636023617,-2.1714142593387553e-05,-0.5535788597464891,0.000279935465951807,0.005764764255042166
hpc,disturbance_backlog_auc_mean,lower,50,-1.4791773256895118,-1.2087814542283863,-1.101276017337548,4.046808138873097e-10,4.9116266609416925e-12
hpc,disturbance_service_loss_auc_mean,lower,50,-0.549879094669297,-0.4534781854715819,-1.1379418849150162,1.6224281441884754e-10,9.521272659185342e-13
hpc,mean_service_ratio,higher,50,-0.04673972304689023,-0.03854564576508446,-1.1379418849150167,1.6224281441884635e-10,9.521272659185342e-13
hpc,mean_backlog_to_capacity,lower,50,-0.12573007268360853,-0.102746423609413,-1.1012760173375478,4.046808138873083e-10,4.9116266609416925e-12
hpc,mean_raw_load_imbalance,lower,50,-0.06217995802118445,-0.056770138938507186,-1.8701386173034176,8.725120518950533e-18,1.7763568394002505e-15
hpc,mean_kam_capacity_mismatch,lower,50,-0.0835835936638694,-0.07758258163527468,-2.2926156802078927,2.511125867545243e-21,1.7763568394002505e-15
hpc,mean_makespan_proxy,lower,50,-0.3178800502391513,-0.2866065228535071,-1.6458101446830038,1.0359061837818585e-15,1.7763568394002505e-15
hpc,mean_cross_communication_ratio,lower,50,0.07224774919313828,0.07156249833538092,0.8875934754891132,8.767782537002417e-08,2.4721383162784605e-07
hpc,mean_coordination_cost_normalized,lower,50,0.06486242372006194,0.06424722072776418,0.8875934754891136,8.767782537002338e-08,2.4721383162784605e-07
warehouse,completion_ratio,higher,50,-6.010031133528715e-05,5.551115123125783e-17,-0.20176768573727036,0.16000380506628842,0.47163981167005586
warehouse,disturbance_backlog_auc_mean,lower,50,-0.45060075304582364,-0.38715627609439274,-0.9147258226148824,4.425540346181488e-08,2.3344064459251967e-09
warehouse,disturbance_service_loss_auc_mean,lower,50,-0.23077126856192817,-0.12942940900878697,-0.7312740644860601,4.294126447969772e-06,4.057499225496031e-09
warehouse,mean_service_ratio,higher,50,-0.021923270513383164,-0.012295793855834791,-0.73127406448606,4.294126447969772e-06,4.057499225496031e-09
warehouse,mean_backlog_to_capacity,lower,50,-0.04280707153935325,-0.03677984622896735,-0.9147258226148827,4.425540346181463e-08,2.3344064459251967e-09
warehouse,mean_raw_load_imbalance,lower,50,-0.05563708357895492,-0.053674199970697695,-1.4410968970418425,1.0734103178977708e-13,1.5631940186722204e-13
warehouse,mean_kam_capacity_mismatch,lower,50,-0.06805203897332093,-0.06235175776343943,-1.8313101952821083,1.9491398899118695e-17,8.881784197001252e-15
warehouse,mean_makespan_proxy,lower,50,-0.1495558438497184,-0.13831978301377335,-1.291691713161539,3.730473175268226e-12,1.0192735544478637e-11
warehouse,mean_cross_communication_ratio,lower,50,0.052461622344806544,0.05638555275378608,0.46049499864598875,0.002052058739976979,0.002614123910062105
warehouse,mean_coordination_cost_normalized,lower,50,0.03767698332036106,0.040495078795900974,0.46049499864598864,0.0020520587399769853,0.002614123910062105
