scenario,metric,direction,n_blocks,n_methods,methods,friedman_chi2,friedman_p,kendall_w
edge,completion_ratio,higher,50,8,"affinity_greedy,balanced_affinity,c_kam,d_kam,domain_heuristic,dynamic_leiden,greedy_load,static",280.0783893257088,1.0803510005463928e-56,0.8002239695020252
edge,disturbance_backlog_auc_mean,lower,50,8,"affinity_greedy,balanced_affinity,c_kam,d_kam,domain_heuristic,dynamic_leiden,greedy_load,static",327.24,9.12845468266691e-67,0.9349714285714286
edge,disturbance_service_loss_auc_mean,lower,50,8,"affinity_greedy,balanced_affinity,c_kam,d_kam,domain_heuristic,dynamic_leiden,greedy_load,static",339.5533333333335,2.1205748565843448e-69,0.9701523809523814
edge,mean_service_ratio,higher,50,8,"affinity_greedy,balanced_affinity,c_kam,d_kam,domain_heuristic,dynamic_leiden,greedy_load,static",339.5533333333335,2.1205748565843448e-69,0.9701523809523814
edge,mean_backlog_to_capacity,lower,50,8,"affinity_greedy,balanced_affinity,c_kam,d_kam,domain_heuristic,dynamic_leiden,greedy_load,static",327.24,9.12845468266691e-67,0.9349714285714286
edge,mean_raw_load_imbalance,lower,50,8,"affinity_greedy,balanced_affinity,c_kam,d_kam,domain_heuristic,dynamic_leiden,greedy_load,static",338.1066666666668,4.3249895622417565e-69,0.966019047619048
edge,mean_kam_capacity_mismatch,lower,50,8,"affinity_greedy,balanced_affinity,c_kam,d_kam,domain_heuristic,dynamic_leiden,greedy_load,static",338.5600000000002,3.4593231772257653e-69,0.9673142857142862
edge,mean_makespan_proxy,lower,50,8,"affinity_greedy,balanced_affinity,c_kam,d_kam,domain_heuristic,dynamic_leiden,greedy_load,static",339.01333333333355,2.766911611941658e-69,0.9686095238095245
edge,mean_cross_communication_ratio,lower,50,8,"affinity_greedy,balanced_affinity,c_kam,d_kam,domain_heuristic,dynamic_leiden,greedy_load,static",333.20000000000005,4.849279182553928e-68,0.9520000000000002
edge,mean_coordination_cost_normalized,lower,50,8,"affinity_greedy,balanced_affinity,c_kam,d_kam,domain_heuristic,dynamic_leiden,greedy_load,static",333.20000000000005,4.849279182553928e-68,0.9520000000000002
enterprise,completion_ratio,higher,50,8,"affinity_greedy,balanced_affinity,c_kam,d_kam,domain_heuristic,dynamic_leiden,greedy_load,static",250.73911992263075,1.9287369806877023e-50,0.7163974854932307
enterprise,disturbance_backlog_auc_mean,lower,50,8,"affinity_greedy,balanced_affinity,c_kam,d_kam,domain_heuristic,dynamic_leiden,greedy_load,static",297.62839447355884,1.941591631604072e-60,0.8503668413530253
enterprise,disturbance_service_loss_auc_mean,lower,50,8,"affinity_greedy,balanced_affinity,c_kam,d_kam,domain_heuristic,dynamic_leiden,greedy_load,static",300.0895664602192,5.7889858933217544e-61,0.857398761314912
enterprise,mean_service_ratio,higher,50,8,"affinity_greedy,balanced_affinity,c_kam,d_kam,domain_heuristic,dynamic_leiden,greedy_load,static",300.0895664602192,5.7889858933217544e-61,0.857398761314912
enterprise,mean_backlog_to_capacity,lower,50,8,"affinity_greedy,balanced_affinity,c_kam,d_kam,domain_heuristic,dynamic_leiden,greedy_load,static",297.62839447355884,1.941591631604072e-60,0.8503668413530253
enterprise,mean_raw_load_imbalance,lower,50,8,"affinity_greedy,balanced_affinity,c_kam,d_kam,domain_heuristic,dynamic_leiden,greedy_load,static",215.76274416388765,5.231088291604654e-43,0.6164649833253932
enterprise,mean_kam_capacity_mismatch,lower,50,8,"affinity_greedy,balanced_affinity,c_kam,d_kam,domain_heuristic,dynamic_leiden,greedy_load,static",228.70223916150564,9.364389379023456e-46,0.6534349690328732
enterprise,mean_makespan_proxy,lower,50,8,"affinity_greedy,balanced_affinity,c_kam,d_kam,domain_heuristic,dynamic_leiden,greedy_load,static",261.2310624106719,1.1249528350844273e-52,0.7463744640304911
enterprise,mean_cross_communication_ratio,lower,50,8,"affinity_greedy,balanced_affinity,c_kam,d_kam,domain_heuristic,dynamic_leiden,greedy_load,static",327.5359695092903,7.890487369039776e-67,0.9358170557408294
enterprise,mean_coordination_cost_normalized,lower,50,8,"affinity_greedy,balanced_affinity,c_kam,d_kam,domain_heuristic,dynamic_leiden,greedy_load,static",327.5359695092903,7.890487369039776e-67,0.9358170557408294
hpc,completion_ratio,higher,50,10,"affinity_greedy,balanced_affinity,c_kam,d_kam,domain_heuristic,dynamic_leiden,greedy_load,parmetis_adaptive,static,work_stealing",364.635436893204,4.742955718831895e-73,0.8103009708737866
hpc,disturbance_backlog_auc_mean,lower,50,10,"affinity_greedy,balanced_affinity,c_kam,d_kam,domain_heuristic,dynamic_leiden,greedy_load,parmetis_adaptive,static,work_stealing",386.3322827009334,1.1272607193050654e-77,0.858516183779852
hpc,disturbance_service_loss_auc_mean,lower,50,10,"affinity_greedy,balanced_affinity,c_kam,d_kam,domain_heuristic,dynamic_leiden,greedy_load,parmetis_adaptive,static,work_stealing",395.03006425021226,1.5739558705534877e-79,0.8778445872226939
hpc,mean_service_ratio,higher,50,10,"affinity_greedy,balanced_affinity,c_kam,d_kam,domain_heuristic,dynamic_leiden,greedy_load,parmetis_adaptive,static,work_stealing",395.03006425021226,1.5739558705534877e-79,0.8778445872226939
hpc,mean_backlog_to_capacity,lower,50,10,"affinity_greedy,balanced_affinity,c_kam,d_kam,domain_heuristic,dynamic_leiden,greedy_load,parmetis_adaptive,static,work_stealing",386.3322827009334,1.1272607193050654e-77,0.858516183779852
hpc,mean_raw_load_imbalance,lower,50,10,"affinity_greedy,balanced_affinity,c_kam,d_kam,domain_heuristic,dynamic_leiden,greedy_load,parmetis_adaptive,static,work_stealing",379.96932961571116,2.5621896672483133e-76,0.8443762880349137
hpc,mean_kam_capacity_mismatch,lower,50,10,"affinity_greedy,balanced_affinity,c_kam,d_kam,domain_heuristic,dynamic_leiden,greedy_load,parmetis_adaptive,static,work_stealing",397.73584676930557,4.166416132780924e-80,0.8838574372651234
hpc,mean_makespan_proxy,lower,50,10,"affinity_greedy,balanced_affinity,c_kam,d_kam,domain_heuristic,dynamic_leiden,greedy_load,parmetis_adaptive,static,work_stealing",414.485513395563,1.1091972589965876e-83,0.9210789186568066
hpc,mean_cross_communication_ratio,lower,50,10,"affinity_greedy,balanced_affinity,c_kam,d_kam,domain_heuristic,dynamic_leiden,greedy_load,parmetis_adaptive,static,work_stealing",415.92132379682397,5.475924180092534e-84,0.9242696084373866
hpc,mean_coordination_cost_normalized,lower,50,10,"affinity_greedy,balanced_affinity,c_kam,d_kam,domain_heuristic,dynamic_leiden,greedy_load,parmetis_adaptive,static,work_stealing",415.92132379682397,5.475924180092534e-84,0.9242696084373866
warehouse,completion_ratio,higher,50,8,"affinity_greedy,balanced_affinity,c_kam,d_kam,domain_heuristic,dynamic_leiden,greedy_load,static",272.2704839482511,4.995230178776858e-55,0.7779156684235746
warehouse,disturbance_backlog_auc_mean,lower,50,8,"affinity_greedy,balanced_affinity,c_kam,d_kam,domain_heuristic,dynamic_leiden,greedy_load,static",300.8600000000001,3.9634216018131866e-61,0.8596000000000004
warehouse,disturbance_service_loss_auc_mean,lower,50,8,"affinity_greedy,balanced_affinity,c_kam,d_kam,domain_heuristic,dynamic_leiden,greedy_load,static",305.4133333333334,4.222089247546235e-62,0.8726095238095241
warehouse,mean_service_ratio,higher,50,8,"affinity_greedy,balanced_affinity,c_kam,d_kam,domain_heuristic,dynamic_leiden,greedy_load,static",305.4133333333334,4.222089247546235e-62,0.8726095238095241
warehouse,mean_backlog_to_capacity,lower,50,8,"affinity_greedy,balanced_affinity,c_kam,d_kam,domain_heuristic,dynamic_leiden,greedy_load,static",300.8600000000001,3.9634216018131866e-61,0.8596000000000004
warehouse,mean_raw_load_imbalance,lower,50,8,"affinity_greedy,balanced_affinity,c_kam,d_kam,domain_heuristic,dynamic_leiden,greedy_load,static",293.3466666666668,1.5932983288422973e-59,0.8381333333333337
warehouse,mean_kam_capacity_mismatch,lower,50,8,"affinity_greedy,balanced_affinity,c_kam,d_kam,domain_heuristic,dynamic_leiden,greedy_load,static",304.2666666666669,7.421056719751049e-62,0.869333333333334
warehouse,mean_makespan_proxy,lower,50,8,"affinity_greedy,balanced_affinity,c_kam,d_kam,domain_heuristic,dynamic_leiden,greedy_load,static",314.3333333333335,5.243578109310675e-64,0.8980952380952385
warehouse,mean_cross_communication_ratio,lower,50,8,"affinity_greedy,balanced_affinity,c_kam,d_kam,domain_heuristic,dynamic_leiden,greedy_load,static",338.34000000000015,3.855333565711223e-69,0.9666857142857147
warehouse,mean_coordination_cost_normalized,lower,50,8,"affinity_greedy,balanced_affinity,c_kam,d_kam,domain_heuristic,dynamic_leiden,greedy_load,static",338.34000000000015,3.855333565711223e-69,0.9666857142857147
