scenario,seed,dkam_observation_delay,accepted_event_count,actual_worsening_operation_count,actual_worsening_fraction,mean_delta_estimation_error,mean_abs_delta_estimation_error,mean_positive_underestimate_error,p95_positive_underestimate_error,total_proposals,total_rejected_proposals,accepted_operation_count,proposal_acceptance_fraction,mean_observation_lag_on_search_steps,reference_source
warehouse,3001,0.0,10.0,0.0,0.0,0.0,0.0,0.0,0.0,318.0,217.0,10.0,0.031446540880503145,0.0,
warehouse,3001,2.0,11.0,0.0,0.0,-5.0720690085102795,6.788595808851223,0.8582634001704715,4.389040835089471,390.0,284.0,11.0,0.028205128205128206,2.0,
warehouse,3001,4.0,11.0,0.0,0.0,-7.998008838499829,8.941799753579538,0.4718954575398542,2.241376658191818,363.0,258.0,11.0,0.030303030303030304,4.0,
warehouse,3001,8.0,10.0,0.0,0.0,-12.493966384972136,13.01827415158516,0.2621538833065114,1.2364771122569949,349.0,252.0,10.0,0.02865329512893983,8.0,
warehouse,3002,0.0,15.0,0.0,0.0,0.0,0.0,0.0,0.0,446.0,309.0,15.0,0.033632286995515695,0.0,
warehouse,3002,2.0,14.0,0.0,0.0,-1.9916374760063316,2.869653086821081,0.43900780540737483,2.9470225906122804,423.0,290.0,14.0,0.03309692671394799,2.0,
warehouse,3002,4.0,15.0,0.0,0.0,-3.8086837117088552,4.1991945019444765,0.19525539511781034,1.067360400688106,426.0,286.0,15.0,0.035211267605633804,4.0,
warehouse,3002,8.0,16.0,1.0,0.0625,-6.776386017962882,7.3399888426503725,0.281801412343745,1.4557175120790768,472.0,287.0,16.0,0.03389830508474576,8.0,
warehouse,3003,0.0,6.0,0.0,0.0,0.0,0.0,0.0,0.0,417.0,336.0,6.0,0.014388489208633094,0.0,
warehouse,3003,2.0,9.0,0.0,0.0,-0.5376308124051761,1.004995381734184,0.23368228466450397,0.8099340431635274,367.0,254.0,9.0,0.02452316076294278,2.0,
warehouse,3003,4.0,9.0,0.0,0.0,-1.1590953120597607,1.4973103495185178,0.1691075187293786,0.6754129345833186,373.0,261.0,9.0,0.024128686327077747,4.0,
warehouse,3003,8.0,10.0,0.0,0.0,-3.497652756150334,3.8441779453574356,0.17326259460355092,0.8664120407100577,554.0,434.0,10.0,0.018050541516245487,8.0,
warehouse,3004,0.0,8.0,0.0,0.0,2.7755575615628914e-17,2.7755575615628914e-17,2.7755575615628914e-17,1.4432899320127023e-16,341.0,250.0,8.0,0.02346041055718475,0.0,
warehouse,3004,2.0,8.0,0.0,0.0,-1.2667905437486562,1.8192275280181454,0.2762184921347445,0.98833608400359,339.0,250.0,8.0,0.02359882005899705,2.0,
warehouse,3004,4.0,9.0,0.0,0.0,-2.079022131639604,2.691917270178307,0.3064475692693515,1.0028399132448682,302.0,210.0,9.0,0.029801324503311258,4.0,
warehouse,3004,8.0,10.0,0.0,0.0,-4.494962609057808,5.0147856219293985,0.2599115064357952,0.9703034756619686,339.0,244.0,10.0,0.029498525073746312,8.0,
warehouse,3005,0.0,17.0,0.0,0.0,4.179663151530001e-16,4.702121045471251e-16,4.440892098500626e-16,1.7763568394002457e-15,612.0,406.0,17.0,0.027777777777777776,0.0,
warehouse,3005,2.0,11.0,0.0,0.0,-1.5306899729898584,1.5711337617905792,0.020221894400360284,0.11122041920198156,616.0,444.0,11.0,0.017857142857142856,2.0,
warehouse,3005,4.0,11.0,0.0,0.0,-2.0345119046932987,2.3448692436039256,0.15517866945531333,0.8534826820042234,563.0,391.0,11.0,0.019538188277087035,4.0,
warehouse,3005,8.0,18.0,0.0,0.0,-2.6135835379258046,2.84655586273506,0.11648616240462742,0.5950814905935186,532.0,299.0,18.0,0.03383458646616541,8.0,
warehouse,3006,0.0,9.0,0.0,0.0,0.0,0.0,0.0,0.0,277.0,169.0,9.0,0.032490974729241874,0.0,
warehouse,3006,2.0,9.0,0.0,0.0,-4.828938334851715,5.689488384659026,0.43027502490365577,2.094259349385972,278.0,170.0,9.0,0.03237410071942446,2.0,
warehouse,3006,4.0,13.0,0.0,0.0,-5.41034250402338,6.294107791149719,0.44188264356317003,2.421367924812127,282.0,159.0,13.0,0.04609929078014184,4.0,
warehouse,3006,8.0,13.0,0.0,0.0,-9.128538783877309,10.076814842416153,0.47413802926942183,2.0200998691539174,289.0,166.0,13.0,0.04498269896193772,8.0,
warehouse,3007,0.0,15.0,0.0,0.0,1.4802973661668754e-17,1.4802973661668754e-17,1.4802973661668754e-17,6.661338147750916e-17,555.0,338.0,15.0,0.02702702702702703,0.0,
warehouse,3007,2.0,12.0,0.0,0.0,-0.904580837379869,1.2769248933839579,0.18617202800204433,0.805648734205714,377.0,233.0,12.0,0.03183023872679045,2.0,
warehouse,3007,4.0,11.0,0.0,0.0,-2.312273968338632,2.485169359822754,0.08644769574206122,0.32382232280441725,481.0,348.0,11.0,0.02286902286902287,4.0,
warehouse,3007,8.0,12.0,1.0,0.08333333333333333,-6.291484730337587,6.841112932769381,0.2748141012158965,1.2619777879167804,472.0,333.0,12.0,0.025423728813559324,8.0,
warehouse,3008,0.0,10.0,0.0,0.0,4.4408920985006264e-17,4.4408920985006264e-17,4.4408920985006264e-17,2.4424906541753397e-16,375.0,268.0,10.0,0.02666666666666667,0.0,
warehouse,3008,2.0,11.0,0.0,0.0,-0.9865188332832112,1.091105353362128,0.052293260039458354,0.28761293021702095,494.0,370.0,11.0,0.022267206477732792,2.0,
warehouse,3008,4.0,16.0,0.0,0.0,-1.0717842004013287,1.1853396353956505,0.056777717497160846,0.23558130133707067,434.0,305.0,16.0,0.03686635944700461,4.0,
warehouse,3008,8.0,11.0,0.0,0.0,-2.305544544917249,2.6072515754408268,0.150853515261789,0.7159453062158594,465.0,349.0,11.0,0.023655913978494623,8.0,
warehouse,3009,0.0,9.0,0.0,0.0,-1.9737298215558337e-16,2.4671622769447924e-16,2.4671622769447922e-17,1.332267629550187e-16,614.0,489.0,9.0,0.014657980456026058,0.0,
warehouse,3009,2.0,10.0,0.0,0.0,-0.4379101992044565,0.5381277279118917,0.050108764353717514,0.1929281375764719,581.0,443.0,10.0,0.01721170395869191,2.0,
warehouse,3009,4.0,12.0,0.0,0.0,-0.8170998167443907,1.0102894493366381,0.09659481629612358,0.43773192120647253,474.0,338.0,12.0,0.02531645569620253,4.0,
warehouse,3009,8.0,10.0,0.0,0.0,-1.5838823396764279,1.8446943351998257,0.1304059977616988,0.6691317498393348,466.0,348.0,10.0,0.02145922746781116,8.0,
warehouse,3010,0.0,12.0,0.0,0.0,0.0,5.921189464667501e-16,2.9605947323337506e-16,1.5987211554602229e-15,357.0,238.0,12.0,0.03361344537815126,0.0,
warehouse,3010,2.0,13.0,0.0,0.0,-2.871612044501099,3.575216078222339,0.3518020168606198,1.6274206435502758,383.0,257.0,13.0,0.033942558746736295,2.0,
warehouse,3010,4.0,15.0,1.0,0.06666666666666667,-5.488147306869523,6.396970068744479,0.4544113809374768,1.969667451428811,382.0,252.0,15.0,0.03926701570680628,4.0,
warehouse,3010,8.0,10.0,0.0,0.0,-13.580303612459948,14.832100130208673,0.6258982588743607,2.773799426506396,367.0,261.0,10.0,0.027247956403269755,8.0,
warehouse,3011,0.0,13.0,0.0,0.0,1.708035422500241e-16,1.708035422500241e-16,1.708035422500241e-16,9.769962616701359e-16,446.0,300.0,13.0,0.02914798206278027,0.0,
warehouse,3011,2.0,14.0,0.0,0.0,-0.8901792274495458,1.2081573336035345,0.15898905307699446,0.8817939506365764,556.0,374.0,14.0,0.025179856115107913,2.0,
warehouse,3011,4.0,18.0,0.0,0.0,-1.156200945645876,1.3016968338764174,0.07274794411527073,0.4242634947966466,501.0,290.0,18.0,0.03592814371257485,4.0,
warehouse,3011,8.0,23.0,1.0,0.043478260869565216,-1.8075807909793202,2.1359544381761624,0.16418682359842118,0.7263819630904302,696.0,452.0,23.0,0.033045977011494254,8.0,
warehouse,3012,0.0,10.0,0.0,0.0,4.4408920985006264e-17,4.4408920985006264e-17,4.4408920985006264e-17,2.4424906541753397e-16,749.0,609.0,10.0,0.01335113484646195,0.0,
warehouse,3012,2.0,10.0,0.0,0.0,-0.49521368493608736,0.531066305577587,0.017926310320749872,0.09478575420615351,751.0,612.0,10.0,0.013315579227696404,2.0,
warehouse,3012,4.0,13.0,0.0,0.0,-1.0996856492555531,1.1669423720209655,0.033628361382706196,0.2145686775448908,614.0,424.0,13.0,0.021172638436482084,4.0,
warehouse,3012,8.0,9.0,0.0,0.0,-1.9268894368450684,2.1363425080454745,0.10472653560020298,0.5239612042613462,642.0,522.0,9.0,0.014018691588785047,8.0,
warehouse,3013,0.0,10.0,0.0,0.0,6.661338147750939e-17,1.1102230246251565e-16,8.881784197001253e-17,4.440892098500626e-16,937.0,807.0,10.0,0.010672358591248666,0.0,
warehouse,3013,2.0,10.0,0.0,0.0,-0.38322130346694117,0.43077570601153514,0.02377720127229699,0.11956980581240442,906.0,776.0,10.0,0.011037527593818985,2.0,
warehouse,3013,4.0,19.0,0.0,0.0,-0.4124806338077387,0.5864387090971118,0.0869790376446866,0.27551317358620403,666.0,504.0,19.0,0.028528528528528527,4.0,
warehouse,3013,8.0,11.0,1.0,0.09090909090909091,-2.107382029130584,2.3457422858780466,0.11918012837373099,0.6554907060555204,543.0,405.0,11.0,0.020257826887661142,8.0,
warehouse,3014,0.0,14.0,0.0,0.0,1.586032892321652e-17,4.7580986769649563e-17,3.172065784643304e-17,2.220446049250313e-16,879.0,674.0,14.0,0.015927189988623434,0.0,
warehouse,3014,2.0,9.0,0.0,0.0,-0.7879587733437415,0.8842246653676816,0.04813294601197003,0.20020531955163617,449.0,324.0,9.0,0.0200445434298441,2.0,
warehouse,3014,4.0,19.0,1.0,0.05263157894736842,-0.6024740012962339,1.0893084189587825,0.24341720883127418,0.8754219200230567,549.0,315.0,19.0,0.03460837887067395,4.0,
warehouse,3014,8.0,17.0,1.0,0.058823529411764705,-1.4057272550822932,1.7534642505328841,0.17386849772529542,0.7901392292216771,838.0,578.0,17.0,0.02028639618138425,8.0,
warehouse,3015,0.0,7.0,0.0,0.0,1.2688263138573217e-16,1.2688263138573217e-16,1.2688263138573217e-16,6.21724893790087e-16,437.0,347.0,7.0,0.016018306636155607,0.0,
warehouse,3015,2.0,7.0,0.0,0.0,-1.6452147517130544,1.874190070145472,0.11448765921620867,0.5040242278755827,443.0,353.0,7.0,0.01580135440180587,2.0,
warehouse,3015,4.0,8.0,0.0,0.0,-2.0735329160705085,2.2478429570944214,0.0871550205119564,0.38270448473217356,429.0,340.0,8.0,0.018648018648018648,4.0,
warehouse,3015,8.0,9.0,1.0,0.1111111111111111,-3.707834765623466,4.3556065333156,0.32388588384606687,1.0901036626450606,359.0,263.0,9.0,0.025069637883008356,8.0,
warehouse,3016,0.0,13.0,0.0,0.0,-5.124106267500723e-17,1.1956247957501685e-16,3.416070845000482e-17,1.7763568394002442e-16,695.0,516.0,13.0,0.01870503597122302,0.0,
warehouse,3016,2.0,11.0,0.0,0.0,-0.5187275429446871,0.851352911801408,0.16631268442836034,0.7622396490990457,653.0,508.0,11.0,0.016845329249617153,2.0,
warehouse,3016,4.0,11.0,0.0,0.0,-1.1875817350962246,1.4771637831140387,0.144791024008907,0.6279615133819023,663.0,518.0,11.0,0.016591251885369532,4.0,
warehouse,3016,8.0,13.0,1.0,0.07692307692307693,-2.3107015087411904,2.7319709864803414,0.21063473886957548,1.200827309266455,540.0,366.0,13.0,0.024074074074074074,8.0,
warehouse,3017,0.0,9.0,0.0,0.0,-2.4671622769447922e-17,2.4671622769447922e-17,0.0,0.0,371.0,285.0,9.0,0.02425876010781671,0.0,
warehouse,3017,2.0,9.0,0.0,0.0,-1.5088799538660636,2.477809926573749,0.4844649863538428,2.2540630780006206,365.0,279.0,9.0,0.024657534246575342,2.0,
warehouse,3017,4.0,11.0,0.0,0.0,-1.8088300974196068,2.248341574803651,0.21975573869202203,0.8114246945334611,432.0,340.0,11.0,0.02546296296296296,4.0,
warehouse,3017,8.0,11.0,0.0,0.0,-3.037208498456678,3.4505747171845047,0.20668310936391376,0.6772883177283795,326.0,237.0,11.0,0.03374233128834356,8.0,
warehouse,3018,0.0,8.0,0.0,0.0,-4.440892098500626e-16,4.440892098500626e-16,0.0,0.0,460.0,356.0,8.0,0.017391304347826087,0.0,
warehouse,3018,2.0,8.0,0.0,0.0,-1.032451686830473,1.2867329896789792,0.12714065142425315,0.5686223001087264,401.0,290.0,8.0,0.0199501246882793,2.0,
warehouse,3018,4.0,11.0,0.0,0.0,-1.4542372872434906,1.7136003028185842,0.12968150778754697,0.5789899270402685,542.0,389.0,11.0,0.02029520295202952,4.0,
warehouse,3018,8.0,11.0,0.0,0.0,-2.412842880911314,2.7758416193622897,0.18149936922548798,0.6796583936139535,414.0,297.0,11.0,0.026570048309178744,8.0,
warehouse,3019,0.0,8.0,0.0,0.0,0.0,0.0,0.0,0.0,369.0,270.0,8.0,0.02168021680216802,0.0,
warehouse,3019,2.0,12.0,0.0,0.0,-2.521238827258628,3.0846920633373345,0.2817266180393532,1.2458477574667228,544.0,402.0,12.0,0.022058823529411766,2.0,
warehouse,3019,4.0,10.0,1.0,0.1,-4.363117114433774,5.218383302269021,0.42763309391762333,1.1205493815290146,372.0,252.0,10.0,0.026881720430107527,4.0,
warehouse,3019,8.0,11.0,0.0,0.0,-6.901044849234132,7.577365839889305,0.3381604953275859,1.7268574420879048,393.0,264.0,11.0,0.027989821882951654,8.0,
warehouse,3020,0.0,8.0,0.0,0.0,3.3306690738754696e-16,3.3306690738754696e-16,3.3306690738754696e-16,1.4654943925052062e-15,363.0,266.0,8.0,0.02203856749311295,0.0,
warehouse,3020,2.0,8.0,0.0,0.0,-3.8142283788734423,3.974629288406258,0.08020045476640791,0.3258202645101105,369.0,272.0,8.0,0.02168021680216802,2.0,
warehouse,3020,4.0,9.0,0.0,0.0,-4.934066391611444,5.235668220373799,0.15080091438117707,0.7073951723278575,440.0,339.0,9.0,0.020454545454545454,4.0,
warehouse,3020,8.0,11.0,1.0,0.09090909090909091,-6.803895520672481,7.477087731084844,0.33659610520618094,1.4042430958527659,459.0,340.0,11.0,0.023965141612200435,8.0,
warehouse,3021,0.0,18.0,0.0,0.0,-7.771561172376096e-16,8.018277400070575e-16,1.2335811384723961e-17,3.330669073875438e-17,677.0,438.0,18.0,0.026587887740029542,0.0,
warehouse,3021,2.0,16.0,0.0,0.0,-1.1037185175565047,1.4109749351575331,0.1536282088005142,0.8207855452793864,695.0,491.0,16.0,0.02302158273381295,2.0,
warehouse,3021,4.0,16.0,0.0,0.0,-2.1242868994370583,2.606259983866677,0.2409865422148094,0.8378222784374252,460.0,275.0,16.0,0.034782608695652174,4.0,
warehouse,3021,8.0,16.0,2.0,0.125,-4.319704343710263,4.765577825953126,0.2229367411214318,1.3515268793835338,503.0,310.0,16.0,0.03180914512922465,8.0,
warehouse,3022,0.0,10.0,0.0,0.0,-1.3322676295501878e-16,2.220446049250313e-16,4.4408920985006264e-17,2.4424906541753397e-16,386.0,256.0,10.0,0.025906735751295335,0.0,
warehouse,3022,2.0,12.0,0.0,0.0,-0.7704804496099006,1.2381626030759147,0.23384107673300703,0.9695212535618802,369.0,234.0,12.0,0.032520325203252036,2.0,
warehouse,3022,4.0,12.0,0.0,0.0,-1.4347680777154606,1.7150758900254515,0.1401539061549956,0.6295498550595032,377.0,241.0,12.0,0.03183023872679045,4.0,
warehouse,3022,8.0,15.0,1.0,0.06666666666666667,-2.4402612083029327,3.138188416486488,0.34896360409177785,1.0207555309993033,434.0,268.0,15.0,0.03456221198156682,8.0,
warehouse,3023,0.0,9.0,0.0,0.0,0.0,0.0,0.0,0.0,357.0,254.0,9.0,0.025210084033613446,0.0,
warehouse,3023,2.0,13.0,0.0,0.0,-2.3902642114162074,2.8231019797591594,0.21641888417147614,1.2174012889705894,629.0,479.0,13.0,0.02066772655007949,2.0,
warehouse,3023,4.0,15.0,0.0,0.0,-3.279073400613768,3.64720980872466,0.1840682040554457,1.0826600755608113,633.0,432.0,15.0,0.023696682464454975,4.0,
warehouse,3023,8.0,16.0,1.0,0.0625,-6.253923927490035,6.577279025505848,0.16167754900790665,0.8433561947294455,517.0,311.0,16.0,0.030947775628626693,8.0,
warehouse,3024,0.0,9.0,0.0,0.0,-1.9737298215558337e-16,1.9737298215558337e-16,0.0,0.0,488.0,387.0,9.0,0.018442622950819672,0.0,
warehouse,3024,2.0,8.0,0.0,0.0,-0.7654782535059701,0.993468420399958,0.11399508344699394,0.4690571413033824,354.0,266.0,8.0,0.022598870056497175,2.0,
warehouse,3024,4.0,9.0,0.0,0.0,-1.327021170828417,1.4534817847828974,0.06323030697724012,0.2585990038444036,383.0,285.0,9.0,0.02349869451697128,4.0,
warehouse,3024,8.0,8.0,0.0,0.0,-2.805638459369576,3.046517327413833,0.12043943402212876,0.5090986503474821,444.0,345.0,8.0,0.018018018018018018,8.0,
warehouse,3025,0.0,9.0,0.0,0.0,3.9474596431116675e-16,3.9474596431116675e-16,3.9474596431116675e-16,2.1316282072802993e-15,451.0,346.0,9.0,0.019955654101995565,0.0,
warehouse,3025,2.0,11.0,0.0,0.0,-0.8386395572766877,1.0323048552306957,0.09683264897700394,0.37942096877728204,533.0,416.0,11.0,0.020637898686679174,2.0,
warehouse,3025,4.0,10.0,0.0,0.0,-1.3327917182718447,1.8377743051439548,0.25249129343605514,0.8311536217846749,413.0,283.0,10.0,0.024213075060532687,4.0,
warehouse,3025,8.0,8.0,0.0,0.0,-2.53876430190669,2.8046463935287265,0.1329410458110183,0.5955346068605687,387.0,282.0,8.0,0.020671834625323,8.0,
warehouse,3026,0.0,7.0,0.0,0.0,1.9032394707859825e-16,1.9032394707859825e-16,1.9032394707859825e-16,7.549516567451061e-16,701.0,604.0,7.0,0.009985734664764621,0.0,
warehouse,3026,2.0,14.0,0.0,0.0,-0.3286297656723323,0.4706097251781399,0.07098997975290378,0.2686649085176197,665.0,473.0,14.0,0.021052631578947368,2.0,
warehouse,3026,4.0,10.0,0.0,0.0,-0.6641279395172702,0.9254557648747328,0.13066391267873126,0.43736863129366915,277.0,178.0,10.0,0.036101083032490974,4.0,
warehouse,3026,8.0,12.0,1.0,0.08333333333333333,-1.1349135063535296,1.4784475861794293,0.17176703991294975,1.0028820684028876,572.0,411.0,12.0,0.02097902097902098,8.0,
warehouse,3027,0.0,9.0,0.0,0.0,0.0,0.0,0.0,0.0,516.0,411.0,9.0,0.01744186046511628,0.0,
warehouse,3027,2.0,9.0,0.0,0.0,-1.2881285004288041,1.5564348287141856,0.13415316414269077,0.6798825918556205,524.0,416.0,9.0,0.01717557251908397,2.0,
warehouse,3027,4.0,12.0,0.0,0.0,-1.6071455200738336,1.7263642165036528,0.05960934821490963,0.31151563676891525,462.0,338.0,12.0,0.025974025974025976,4.0,
warehouse,3027,8.0,12.0,0.0,0.0,-3.064787570159391,3.0656063576583286,0.00040939374946857843,0.00221072624713032,480.0,356.0,12.0,0.025,8.0,
warehouse,3028,0.0,12.0,0.0,0.0,5.551115123125783e-17,2.4054832200211723e-16,1.4802973661668753e-16,7.993605777301114e-16,396.0,248.0,12.0,0.030303030303030304,0.0,
warehouse,3028,2.0,13.0,0.0,0.0,-1.351368163823388,1.7834536234561535,0.2160427298163827,0.9662458568065196,414.0,265.0,13.0,0.03140096618357488,2.0,
warehouse,3028,4.0,16.0,0.0,0.0,-2.4698782280730622,3.0440250572982306,0.2870734146125842,1.8832231012332268,464.0,314.0,16.0,0.034482758620689655,4.0,
warehouse,3028,8.0,19.0,1.0,0.05263157894736842,-4.702559431605834,5.0477652897111875,0.17260292905267646,1.1658445471992123,482.0,320.0,19.0,0.03941908713692946,8.0,
warehouse,3029,0.0,7.0,0.0,0.0,5.075305255429287e-16,5.075305255429287e-16,5.075305255429287e-16,2.486899575160348e-15,345.0,260.0,7.0,0.020289855072463767,0.0,
warehouse,3029,2.0,9.0,0.0,0.0,-7.024649204111018,8.292370236898194,0.6338605163935866,2.647571268029658,378.0,268.0,9.0,0.023809523809523808,2.0,
warehouse,3029,4.0,8.0,0.0,0.0,-11.997367179751517,13.193935724128194,0.5982842721883388,2.0660592730625553,370.0,271.0,8.0,0.021621621621621623,4.0,
warehouse,3029,8.0,7.0,1.0,0.14285714285714285,-19.588839192524155,20.42998662219056,0.4205737148332026,1.1070626186476196,341.0,256.0,7.0,0.020527859237536656,8.0,
warehouse,3030,0.0,14.0,0.0,0.0,-3.172065784643304e-17,3.172065784643304e-17,0.0,0.0,634.0,464.0,14.0,0.022082018927444796,0.0,
warehouse,3030,2.0,12.0,0.0,0.0,-1.4028821388543058,1.7162814262954613,0.15669964372057774,0.9051412052320862,445.0,294.0,12.0,0.02696629213483146,2.0,
warehouse,3030,4.0,10.0,0.0,0.0,-3.0421961864259215,3.480503592851479,0.2191537032127787,0.9546055402912442,376.0,247.0,10.0,0.026595744680851064,4.0,
warehouse,3030,8.0,17.0,2.0,0.11764705882352941,-3.4529557444583996,3.993897577680838,0.2704709166112189,1.5653693015128787,412.0,234.0,17.0,0.0412621359223301,8.0,
edge,3001,0.0,9.0,0.0,0.0,0.0,0.0,0.0,0.0,443.0,348.0,9.0,0.020316027088036117,0.0,
edge,3001,2.0,11.0,0.0,0.0,-0.704691527946355,1.3392035308259442,0.3172560014397947,1.5832879982355141,412.0,316.0,11.0,0.02669902912621359,2.0,
edge,3001,4.0,11.0,0.0,0.0,-1.9984080903079589,2.680760946714301,0.34117642820317134,1.8254975068113675,412.0,316.0,11.0,0.02669902912621359,4.0,
edge,3001,8.0,19.0,0.0,0.0,-3.929745621648972,4.491725807985164,0.2809900931680957,1.2580709213130445,818.0,519.0,19.0,0.023227383863080684,8.0,
edge,3002,0.0,10.0,0.0,0.0,0.0,0.0,0.0,0.0,326.0,240.0,10.0,0.03067484662576687,0.0,
edge,3002,2.0,11.0,0.0,0.0,-0.27942929377740866,4.585609528396963,2.153090117309777,11.003621092892459,326.0,237.0,11.0,0.03374233128834356,2.0,
edge,3002,4.0,11.0,0.0,0.0,-2.4048237339465777,4.501565337958017,1.0483708020057199,5.660394426976964,328.0,241.0,11.0,0.03353658536585366,4.0,
edge,3002,8.0,12.0,1.0,0.08333333333333333,-8.56503697482575,9.423179441670412,0.42907123342233083,1.9258406390044125,331.0,246.0,12.0,0.03625377643504532,8.0,
edge,3003,0.0,10.0,0.0,0.0,4.4408920985006264e-17,4.4408920985006264e-17,4.4408920985006264e-17,2.4424906541753397e-16,324.0,240.0,10.0,0.030864197530864196,0.0,
edge,3003,2.0,18.0,0.0,0.0,2.5618045777004177,4.660136653906199,3.6109706158033084,11.171976465111355,340.0,220.0,18.0,0.052941176470588235,2.0,
edge,3003,4.0,20.0,0.0,0.0,-1.6710709441993317,3.607653819274683,0.9682914375376755,3.4455384230977772,340.0,214.0,20.0,0.058823529411764705,4.0,
edge,3003,8.0,20.0,1.0,0.05,-5.829365558272889,7.000533581690067,0.5855840117085878,3.9747683141757535,340.0,217.0,20.0,0.058823529411764705,8.0,
edge,3004,0.0,8.0,0.0,0.0,0.0,0.0,0.0,0.0,351.0,250.0,8.0,0.022792022792022793,0.0,
edge,3004,2.0,13.0,0.0,0.0,1.631964245978023,3.0156253038049927,2.3237947748915078,11.251939741382799,372.0,250.0,13.0,0.03494623655913978,2.0,
edge,3004,4.0,13.0,0.0,0.0,-3.6172830030378895,4.526910639088573,0.4548138180253422,2.071895651452888,384.0,249.0,13.0,0.033854166666666664,4.0,
edge,3004,8.0,13.0,2.0,0.15384615384615385,-8.322864278287696,9.209054949857874,0.4430953357850893,2.0970067732396087,397.0,245.0,13.0,0.0327455919395466,8.0,
edge,3005,0.0,9.0,0.0,0.0,-1.9737298215558337e-16,1.9737298215558337e-16,0.0,0.0,352.0,243.0,9.0,0.02556818181818182,0.0,
edge,3005,2.0,9.0,0.0,0.0,0.8793022009462779,2.434231844220764,1.656767022583521,8.107503863290734,447.0,332.0,9.0,0.020134228187919462,2.0,
edge,3005,4.0,12.0,0.0,0.0,-0.7740335903066216,3.137110949839711,1.181538679766545,5.162328019321231,464.0,324.0,12.0,0.02586206896551724,4.0,
edge,3005,8.0,15.0,1.0,0.06666666666666667,-2.9299614541863175,4.437607947426784,0.7538232466202331,2.544491398994489,386.0,240.0,15.0,0.038860103626943004,8.0,
edge,3006,0.0,9.0,0.0,0.0,4.9343245538895844e-17,4.9343245538895844e-17,4.9343245538895844e-17,2.664535259100374e-16,449.0,342.0,9.0,0.0200445434298441,0.0,
edge,3006,2.0,9.0,0.0,0.0,-0.6542226935506318,1.448968853784674,0.3973730801170212,1.730613204759612,344.0,252.0,9.0,0.02616279069767442,2.0,
edge,3006,4.0,14.0,0.0,0.0,-0.5115972365584274,1.1979551442307403,0.34317895383615643,1.5785732936145518,417.0,285.0,14.0,0.03357314148681055,4.0,
edge,3006,8.0,15.0,1.0,0.06666666666666667,-1.605896368941476,2.640495198127569,0.5172994145930468,2.4590529712805314,412.0,266.0,15.0,0.03640776699029126,8.0,
edge,3007,0.0,11.0,0.0,0.0,2.0185873175002847e-17,2.0185873175002847e-17,2.0185873175002847e-17,1.1102230246251565e-16,373.0,268.0,11.0,0.029490616621983913,0.0,
edge,3007,2.0,12.0,0.0,0.0,0.3770827138285085,5.1420016003107305,2.7595421570696193,15.141021629709451,375.0,266.0,12.0,0.032,2.0,
edge,3007,4.0,14.0,0.0,0.0,-1.5156961314588562,3.738109839331524,1.1112068539363338,6.990073407339224,377.0,259.0,14.0,0.03713527851458886,4.0,
edge,3007,8.0,15.0,0.0,0.0,-5.142406498100656,6.188361957344431,0.5229777296218874,2.3070680939864836,380.0,259.0,15.0,0.039473684210526314,8.0,
edge,3008,0.0,9.0,0.0,0.0,0.0,0.0,0.0,0.0,365.0,266.0,9.0,0.024657534246575342,0.0,
edge,3008,2.0,13.0,0.0,0.0,0.03795268128848001,0.5275228050138066,0.28273774315114325,1.1639590765217545,513.0,381.0,13.0,0.025341130604288498,2.0,
edge,3008,4.0,11.0,0.0,0.0,-1.4184363557063462,2.1567294545344704,0.3691465494140622,1.198482344722084,504.0,376.0,11.0,0.021825396825396824,4.0,
edge,3008,8.0,12.0,1.0,0.08333333333333333,-4.972329880405229,5.595084172744994,0.31137714616988327,0.9942169179244278,403.0,259.0,12.0,0.02977667493796526,8.0,
edge,3009,0.0,8.0,0.0,0.0,-5.551115123125783e-17,1.1102230246251565e-16,2.7755575615628914e-17,1.4432899320127023e-16,437.0,343.0,8.0,0.018306636155606407,0.0,
edge,3009,2.0,9.0,0.0,0.0,0.56561771736632,1.2696733365223192,0.9176455269443196,4.396876676141579,424.0,326.0,9.0,0.02122641509433962,2.0,
edge,3009,4.0,8.0,0.0,0.0,-0.6168829794810964,1.1315087388323224,0.25731287967561295,0.9191697348729883,455.0,360.0,8.0,0.017582417582417582,4.0,
edge,3009,8.0,6.0,0.0,0.0,-2.4255882944327594,3.2118942471641794,0.3931529763657097,1.4326369460936608,415.0,328.0,6.0,0.014457831325301205,8.0,
edge,3010,0.0,12.0,0.0,0.0,-1.850371707708594e-17,1.850371707708594e-17,0.0,0.0,336.0,234.0,12.0,0.03571428571428571,0.0,
edge,3010,2.0,11.0,0.0,0.0,-2.3194737352825445,4.0359325644739314,0.8582294145956934,4.686912796746846,324.0,237.0,11.0,0.033950617283950615,2.0,
edge,3010,4.0,15.0,0.0,0.0,-4.282302988154737,5.578034665205747,0.6478658385255055,3.260261354948125,369.0,245.0,15.0,0.04065040650406504,4.0,
edge,3010,8.0,21.0,0.0,0.0,-6.164063534421051,6.875412430025809,0.3556744478023786,0.8508989056595766,423.0,276.0,21.0,0.04964539007092199,8.0,
edge,3011,0.0,10.0,0.0,0.0,0.0,0.0,0.0,0.0,362.0,264.0,10.0,0.027624309392265192,0.0,
edge,3011,2.0,11.0,0.0,0.0,-1.6383628080025439,1.8315673434296635,0.09660226771355986,0.37232403624292765,368.0,266.0,11.0,0.029891304347826088,2.0,
edge,3011,4.0,12.0,0.0,0.0,-3.1991480416259077,3.5296250579225164,0.16523850814830454,0.8503469916967394,373.0,268.0,12.0,0.032171581769437,4.0,
edge,3011,8.0,12.0,1.0,0.08333333333333333,-5.248342214535875,5.699943437075787,0.22580061126995518,0.9159686438037858,353.0,248.0,12.0,0.0339943342776204,8.0,
edge,3012,0.0,11.0,0.0,0.0,6.459479416000911e-16,6.459479416000911e-16,6.459479416000911e-16,3.552713678800501e-15,422.0,316.0,11.0,0.026066350710900472,0.0,
edge,3012,2.0,17.0,0.0,0.0,0.5633125655641331,2.4781203840282826,1.5207164747962079,5.924425622345394,421.0,292.0,17.0,0.040380047505938245,2.0,
edge,3012,4.0,15.0,0.0,0.0,-1.0908325123953313,3.500690351765273,1.2049289196849706,5.886735469704475,455.0,300.0,15.0,0.03296703296703297,4.0,
edge,3012,8.0,31.0,4.0,0.12903225806451613,-2.1365279718704877,3.1304879694292733,0.4969799987793921,1.2220981862031455,418.0,236.0,31.0,0.07416267942583732,8.0,
edge,3013,0.0,10.0,0.0,0.0,0.0,0.0,0.0,0.0,494.0,360.0,10.0,0.020242914979757085,0.0,
edge,3013,2.0,14.0,0.0,0.0,-0.5728351213031988,1.4558240445603505,0.441494461628576,2.8076152645277452,392.0,252.0,14.0,0.03571428571428571,2.0,
edge,3013,4.0,14.0,0.0,0.0,-2.094996471974393,2.726692979501778,0.3158482537636926,1.9764853957509447,471.0,310.0,14.0,0.029723991507430998,4.0,
edge,3013,8.0,16.0,1.0,0.0625,-4.8274634950158655,5.23842319833429,0.20547985165921256,1.101004677492777,432.0,296.0,16.0,0.037037037037037035,8.0,
edge,3014,0.0,9.0,0.0,0.0,3.9474596431116675e-16,3.9474596431116675e-16,3.9474596431116675e-16,2.1316282072802993e-15,423.0,321.0,9.0,0.02127659574468085,0.0,
edge,3014,2.0,10.0,0.0,0.0,-0.3445697039755743,1.8661043087776172,0.7607673024010213,3.5724650496432804,420.0,320.0,10.0,0.023809523809523808,2.0,
edge,3014,4.0,10.0,0.0,0.0,-1.8925345176747683,2.6171443176639713,0.36230489999460147,1.8706151885061955,420.0,320.0,10.0,0.023809523809523808,4.0,
edge,3014,8.0,10.0,0.0,0.0,-3.536693525801824,4.485677326582648,0.4744919003904123,1.528870266407934,413.0,313.0,10.0,0.024213075060532687,8.0,
edge,3015,0.0,11.0,0.0,0.0,0.0,0.0,0.0,0.0,370.0,260.0,11.0,0.02972972972972973,0.0,
edge,3015,2.0,12.0,1.0,0.08333333333333333,-0.8394453855312157,2.2449233868398903,0.7027390006543376,2.794031546766897,362.0,248.0,12.0,0.03314917127071823,2.0,
edge,3015,4.0,14.0,0.0,0.0,-1.682704974019991,2.216576119834092,0.26693557290705056,1.468757110304082,436.0,256.0,14.0,0.03211009174311927,4.0,
edge,3015,8.0,14.0,0.0,0.0,-3.720744352318381,4.221219727129545,0.2502376874055816,1.3631520712929937,419.0,247.0,14.0,0.03341288782816229,8.0,
edge,3016,0.0,11.0,0.0,0.0,-4.0371746350005693e-17,4.0371746350005693e-17,0.0,0.0,346.0,240.0,11.0,0.031791907514450865,0.0,
edge,3016,2.0,12.0,0.0,0.0,0.4957389711233893,2.1973461824578036,1.3465425767905963,6.892850122402167,349.0,237.0,12.0,0.034383954154727794,2.0,
edge,3016,4.0,12.0,0.0,0.0,-0.985180792092538,2.2149472006530906,0.6148832042802764,2.6910496250261424,427.0,312.0,12.0,0.02810304449648712,4.0,
edge,3016,8.0,13.0,1.0,0.07692307692307693,-6.046760755474738,7.055932958677345,0.5045861016013025,2.6040593221712163,350.0,235.0,13.0,0.037142857142857144,8.0,
edge,3017,0.0,11.0,0.0,0.0,1.2111523905001707e-16,2.0185873175002846e-16,1.6148698540002277e-16,8.881784197001252e-16,350.0,241.0,11.0,0.03142857142857143,0.0,
edge,3017,2.0,9.0,0.0,0.0,-1.1655491812154872,2.1855706495369818,0.5100107341607472,1.634535876969812,354.0,252.0,9.0,0.025423728813559324,2.0,
edge,3017,4.0,12.0,0.0,0.0,-2.9033391314838224,4.222635194278104,0.6596480313971411,3.4271437064288937,343.0,234.0,12.0,0.03498542274052478,4.0,
edge,3017,8.0,9.0,0.0,0.0,-7.9318188741859315,9.045831170652583,0.5570061482333257,2.89320561230325,345.0,246.0,9.0,0.02608695652173913,8.0,
edge,3018,0.0,11.0,0.0,0.0,0.0,0.0,0.0,0.0,425.0,322.0,11.0,0.02588235294117647,0.0,
edge,3018,2.0,13.0,0.0,0.0,-0.9624003969366258,2.518890441518972,0.778245022291173,4.165502020507759,424.0,308.0,13.0,0.030660377358490566,2.0,
edge,3018,4.0,16.0,0.0,0.0,-3.6680017271544196,4.26534839109986,0.2986733319727203,1.3480848813661694,432.0,296.0,16.0,0.037037037037037035,4.0,
edge,3018,8.0,21.0,0.0,0.0,-5.081656510160117,5.7785299335636315,0.34843671170175694,0.8530205845701706,375.0,233.0,21.0,0.056,8.0,
edge,3019,0.0,8.0,0.0,0.0,-4.440892098500626e-16,4.440892098500626e-16,0.0,0.0,418.0,328.0,8.0,0.019138755980861243,0.0,
edge,3019,2.0,8.0,0.0,0.0,-0.529006212675535,1.357242669423776,0.4141182283741205,1.6273098268279402,418.0,328.0,8.0,0.019138755980861243,2.0,
edge,3019,4.0,11.0,0.0,0.0,-4.072721206689451,5.289861889983883,0.6085703416472167,3.1316114769447547,425.0,316.0,11.0,0.02588235294117647,4.0,
edge,3019,8.0,12.0,1.0,0.08333333333333333,-10.298270409574839,11.476040598665803,0.5888850945454841,2.5483703989271294,364.0,243.0,12.0,0.03296703296703297,8.0,
edge,3020,0.0,10.0,0.0,0.0,0.0,0.0,0.0,0.0,426.0,320.0,10.0,0.023474178403755867,0.0,
edge,3020,2.0,13.0,0.0,0.0,-1.6035146877462507,2.5213083676819443,0.45889683996784664,2.34709856623681,439.0,308.0,13.0,0.029612756264236904,2.0,
edge,3020,4.0,13.0,2.0,0.15384615384615385,-3.0595007312294644,4.0923390295219155,0.5164191491462256,2.380227254260035,366.0,260.0,13.0,0.03551912568306011,4.0,
edge,3020,8.0,17.0,1.0,0.058823529411764705,-5.757512144087837,8.024144657934894,1.1333162569235287,5.901023121005994,351.0,219.0,17.0,0.04843304843304843,8.0,
edge,3021,0.0,11.0,0.0,0.0,0.0,0.0,0.0,0.0,382.0,277.0,11.0,0.028795811518324606,0.0,
edge,3021,2.0,10.0,0.0,0.0,-0.3756762284747488,1.5135621294130608,0.568942950469156,1.6102642062523278,434.0,320.0,10.0,0.02304147465437788,2.0,
edge,3021,4.0,14.0,0.0,0.0,-0.9200551374809072,1.6744093325646607,0.3771770975418768,1.8561236035384783,429.0,259.0,14.0,0.03263403263403263,4.0,
edge,3021,8.0,14.0,1.0,0.07142857142857142,-3.8870387195623257,4.195167099060233,0.15406418974895383,0.8922599760649702,369.0,239.0,14.0,0.037940379403794036,8.0,
edge,3022,0.0,7.0,0.0,0.0,0.0,0.0,0.0,0.0,453.0,360.0,7.0,0.01545253863134658,0.0,
edge,3022,2.0,17.0,0.0,0.0,-0.3549742543393494,0.8383712046788918,0.24169847516977114,1.0498479045621942,546.0,292.0,17.0,0.031135531135531136,2.0,
edge,3022,4.0,16.0,0.0,0.0,-1.9188250163293454,2.32116819730129,0.20117159048597227,1.2002624173987613,627.0,376.0,16.0,0.025518341307814992,4.0,
edge,3022,8.0,13.0,2.0,0.15384615384615385,-4.3773314049310965,4.807902262656418,0.21528542886266017,0.8687554892607343,373.0,247.0,13.0,0.03485254691689008,8.0,
edge,3023,0.0,11.0,0.0,0.0,2.0185873175002847e-17,2.0185873175002847e-17,2.0185873175002847e-17,1.1102230246251565e-16,352.0,246.0,11.0,0.03125,0.0,
edge,3023,2.0,13.0,0.0,0.0,-0.43004757887765027,2.3803564918653897,0.9751544564938697,4.860850044048668,344.0,238.0,13.0,0.0377906976744186,2.0,
edge,3023,4.0,12.0,0.0,0.0,-5.680265124047916,8.126150642149748,1.222942759050917,4.945759496679237,342.0,240.0,12.0,0.03508771929824561,4.0,
edge,3023,8.0,18.0,1.0,0.05555555555555555,-6.686913061091044,8.438987867523624,0.8760374032162895,4.312312515240824,341.0,216.0,18.0,0.05278592375366569,8.0,
edge,3024,0.0,13.0,0.0,0.0,0.0,0.0,0.0,0.0,367.0,239.0,13.0,0.035422343324250684,0.0,
edge,3024,2.0,15.0,0.0,0.0,-0.28762492206470724,1.714310471856241,0.7133427748957669,3.5556837019967307,375.0,239.0,15.0,0.04,2.0,
edge,3024,4.0,18.0,1.0,0.05555555555555555,-1.7115721100306556,2.1659779143869864,0.22720290217816544,0.8336711944660012,481.0,274.0,18.0,0.037422037422037424,4.0,
edge,3024,8.0,18.0,1.0,0.05555555555555555,-4.807702307736521,5.047293392926114,0.11979554259479623,0.9446902498435569,458.0,274.0,18.0,0.039301310043668124,8.0,
edge,3025,0.0,11.0,0.0,0.0,-4.0371746350005693e-17,4.0371746350005693e-17,0.0,0.0,361.0,247.0,11.0,0.030470914127423823,0.0,
edge,3025,2.0,11.0,0.0,0.0,-0.5556836475500027,1.6206471209168718,0.5324817366834346,2.7742888828935754,356.0,257.0,11.0,0.03089887640449438,2.0,
edge,3025,4.0,13.0,2.0,0.15384615384615385,-5.0722574751847604,6.278219272409464,0.6029808986123515,3.1757906019561304,362.0,253.0,13.0,0.03591160220994475,4.0,
edge,3025,8.0,13.0,0.0,0.0,-9.199408641597183,9.635314955676723,0.2179531570397702,1.0486326167019215,358.0,253.0,13.0,0.036312849162011177,8.0,
edge,3026,0.0,8.0,0.0,0.0,0.0,0.0,0.0,0.0,362.0,272.0,8.0,0.022099447513812154,0.0,
edge,3026,2.0,9.0,0.0,0.0,0.7006243982940681,1.7399949248771505,1.2203096615856093,5.430930596191821,367.0,274.0,9.0,0.02452316076294278,2.0,
edge,3026,4.0,9.0,0.0,0.0,-0.28690234816359933,1.9597014280063425,0.8363995399213714,3.109466689091445,373.0,279.0,9.0,0.024128686327077747,4.0,
edge,3026,8.0,12.0,1.0,0.08333333333333333,-3.036330575995161,3.900777859644034,0.4322236418244361,2.1147789219950144,372.0,256.0,12.0,0.03225806451612903,8.0,
edge,3027,0.0,14.0,0.0,0.0,-3.172065784643304e-17,3.172065784643304e-17,0.0,0.0,352.0,230.0,14.0,0.03977272727272727,0.0,
edge,3027,2.0,14.0,0.0,0.0,-0.06586300325709038,3.4072644577804745,1.670700727261692,8.649080491190173,385.0,251.0,14.0,0.03636363636363636,2.0,
edge,3027,4.0,20.0,0.0,0.0,-1.777002664409314,2.6990224443817175,0.46100988998620185,1.9231207926570408,427.0,266.0,20.0,0.0468384074941452,4.0,
edge,3027,8.0,19.0,2.0,0.10526315789473684,-5.461720795775511,6.598391767568687,0.5683354858965881,3.1715890428879385,356.0,213.0,19.0,0.05337078651685393,8.0,
edge,3028,0.0,11.0,0.0,0.0,8.074349270001139e-17,2.4223047810003414e-16,1.6148698540002277e-16,8.881784197001252e-16,368.0,248.0,11.0,0.029891304347826088,0.0,
edge,3028,2.0,12.0,0.0,0.0,0.35938562852980277,1.339035545431644,0.8492105869807234,4.9025217451290075,446.0,312.0,12.0,0.026905829596412557,2.0,
edge,3028,4.0,10.0,0.0,0.0,-2.591327842504473,4.01092735678526,0.7097997571403932,3.243375319386646,362.0,244.0,10.0,0.027624309392265192,4.0,
edge,3028,8.0,18.0,1.0,0.05555555555555555,-4.5029915040684845,4.876663747030683,0.18683612148109977,1.0003404106057663,374.0,226.0,18.0,0.0481283422459893,8.0,
edge,3029,0.0,10.0,0.0,0.0,-4.4408920985006264e-17,4.4408920985006264e-17,0.0,0.0,451.0,335.0,10.0,0.022172949002217297,0.0,
edge,3029,2.0,9.0,0.0,0.0,2.848774663678244,4.758577833486915,3.80367624858258,19.8651411902189,343.0,249.0,9.0,0.026239067055393587,2.0,
edge,3029,4.0,9.0,0.0,0.0,-2.661744148546317,3.0271743363955257,0.18271509392460436,0.7379384976620442,351.0,257.0,9.0,0.02564102564102564,4.0,
edge,3029,8.0,13.0,2.0,0.15384615384615385,-10.962644035229896,11.855269460561884,0.44631271266599437,2.024853005006658,382.0,254.0,13.0,0.034031413612565446,8.0,
edge,3030,0.0,10.0,0.0,0.0,0.0,0.0,0.0,0.0,437.0,331.0,10.0,0.02288329519450801,0.0,
edge,3030,2.0,15.0,0.0,0.0,-1.7980184812852873,3.4259594239689863,0.8139704713418495,4.67939571685354,439.0,300.0,15.0,0.03416856492027335,2.0,
edge,3030,4.0,22.0,1.0,0.045454545454545456,-2.6026863606418553,2.783713872935322,0.09051375614673265,0.3525042349443881,428.0,272.0,22.0,0.0514018691588785,4.0,
edge,3030,8.0,12.0,0.0,0.0,-10.916570636079973,10.962772444990483,0.023100904455253996,0.12474488405837139,443.0,320.0,12.0,0.02708803611738149,8.0,
enterprise,3001,0.0,5.0,0.0,0.0,-1.3322676295501878e-16,2.220446049250313e-16,4.4408920985006264e-17,1.77635683940025e-16,954.0,871.0,5.0,0.005241090146750524,0.0,
enterprise,3001,2.0,5.0,0.0,0.0,-0.10788018957978722,0.18639506719840723,0.03925743880931001,0.11277128456955875,959.0,876.0,5.0,0.005213764337851929,2.0,
enterprise,3001,4.0,5.0,0.0,0.0,-0.23145192712888146,0.3783977588268405,0.07347291584897953,0.29389166339591805,964.0,881.0,5.0,0.005186721991701245,4.0,
enterprise,3001,8.0,6.0,0.0,0.0,-1.9729715458474086,2.192656369828479,0.10984241199053506,0.4329921059971548,928.0,832.0,6.0,0.00646551724137931,8.0,
enterprise,3002,0.0,5.0,0.0,0.0,-1.7763568394002506e-16,1.7763568394002506e-16,0.0,0.0,1118.0,1040.0,5.0,0.004472271914132379,0.0,
enterprise,3002,2.0,5.0,0.0,0.0,-0.484025577896724,0.5333091309777247,0.02464177654050035,0.0967343409685032,1117.0,1039.0,5.0,0.004476275738585497,2.0,
enterprise,3002,4.0,7.0,0.0,0.0,-0.7062493545764156,1.0802286321210333,0.18698963877230892,0.5841513063140186,894.0,791.0,7.0,0.007829977628635347,4.0,
enterprise,3002,8.0,6.0,0.0,0.0,-1.701548983260316,1.9212637304289075,0.10985737358429604,0.4572883922523584,1049.0,957.0,6.0,0.005719733079122974,8.0,
enterprise,3003,0.0,6.0,0.0,0.0,3.700743415417188e-17,3.700743415417188e-17,3.700743415417188e-17,1.6653345369377348e-16,718.0,633.0,6.0,0.008356545961002786,0.0,
enterprise,3003,2.0,6.0,0.0,0.0,-0.4372789620187724,0.6871742111952849,0.12494762458825621,0.3856737239059542,399.0,324.0,6.0,0.015037593984962405,2.0,
enterprise,3003,4.0,7.0,0.0,0.0,-1.0316772555234792,1.3470713775854588,0.15769706103098965,0.7727155990518486,344.0,257.0,7.0,0.020348837209302327,4.0,
enterprise,3003,8.0,9.0,0.0,0.0,-1.364608534809321,1.8883924432985582,0.2618919542446185,0.889346532651781,428.0,332.0,9.0,0.02102803738317757,8.0,
enterprise,3004,0.0,7.0,0.0,0.0,6.344131569286609e-16,6.344131569286609e-16,6.344131569286609e-16,2.7533531010703863e-15,370.0,291.0,7.0,0.01891891891891892,0.0,
enterprise,3004,2.0,7.0,0.0,0.0,-0.5038366275671623,0.9881155260555518,0.24213944924419475,0.8968845473996008,373.0,294.0,7.0,0.01876675603217158,2.0,
enterprise,3004,4.0,7.0,0.0,0.0,-1.2271429337523228,1.6156041677046236,0.19423061697615054,0.758436345717465,376.0,297.0,7.0,0.018617021276595744,4.0,
enterprise,3004,8.0,12.0,0.0,0.0,-2.260419957453669,2.561938866755168,0.1507594546507497,0.5595819738393816,305.0,196.0,12.0,0.03934426229508197,8.0,
enterprise,3005,0.0,6.0,0.0,0.0,-2.220446049250313e-16,3.7007434154171886e-16,7.401486830834377e-17,3.3306690738754696e-16,673.0,594.0,6.0,0.008915304606240713,0.0,
enterprise,3005,2.0,7.0,0.0,0.0,-0.5661366879734048,0.6497094104008462,0.04178636121372069,0.20475316994723114,600.0,510.0,7.0,0.011666666666666667,2.0,
enterprise,3005,4.0,8.0,0.0,0.0,-0.9107250424305575,1.027525844804112,0.05840040118677725,0.3023291074633878,694.0,594.0,8.0,0.011527377521613832,4.0,
enterprise,3005,8.0,7.0,0.0,0.0,-2.697577705637605,2.7589690576587107,0.030695676010552755,0.15040881245170834,513.0,428.0,7.0,0.01364522417153996,8.0,
enterprise,3006,0.0,5.0,0.0,0.0,-4.4408920985006264e-17,1.3322676295501878e-16,4.4408920985006264e-17,1.77635683940025e-16,784.0,720.0,5.0,0.006377551020408163,0.0,
enterprise,3006,2.0,5.0,0.0,0.0,-0.25555419532529156,0.2683436918080625,0.006394748241385484,0.016567134275047347,790.0,726.0,5.0,0.006329113924050633,2.0,
enterprise,3006,4.0,5.0,0.0,0.0,-0.5590171611901722,0.5590171611901722,0.0,0.0,796.0,732.0,5.0,0.00628140703517588,4.0,
enterprise,3006,8.0,5.0,0.0,0.0,-1.3752036925186868,1.3752036925186868,0.0,0.0,808.0,744.0,5.0,0.006188118811881188,8.0,
enterprise,3007,0.0,9.0,0.0,0.0,0.0,0.0,0.0,0.0,877.0,738.0,9.0,0.010262257696693273,0.0,
enterprise,3007,2.0,10.0,0.0,0.0,-0.6228550771568744,0.8532764576204432,0.11521069023178446,0.5731642449983525,670.0,522.0,10.0,0.014925373134328358,2.0,
enterprise,3007,4.0,13.0,1.0,0.07692307692307693,-1.0917481123737018,1.5814435424241822,0.24484771502524008,0.7824876479245823,463.0,285.0,13.0,0.028077753779697623,4.0,
enterprise,3007,8.0,11.0,1.0,0.09090909090909091,-2.0955931682609408,2.4868436832663092,0.1956252575026841,0.9733003334093562,744.0,583.0,11.0,0.01478494623655914,8.0,
enterprise,3008,0.0,6.0,0.0,0.0,-3.700743415417188e-17,3.700743415417188e-17,0.0,0.0,921.0,834.0,6.0,0.006514657980456026,0.0,
enterprise,3008,2.0,7.0,0.0,0.0,-0.17409855637104268,0.32515809308503707,0.07552976835699719,0.2294674715631511,822.0,724.0,7.0,0.00851581508515815,2.0,
enterprise,3008,4.0,6.0,0.0,0.0,-0.40633928679870973,0.7648782838749613,0.1792694985381257,0.6504472851314058,1281.0,1182.0,6.0,0.00468384074941452,4.0,
enterprise,3008,8.0,7.0,0.0,0.0,-1.0696014050708436,1.233701920003059,0.08205025746610775,0.4020462615839276,1192.0,1077.0,7.0,0.00587248322147651,8.0,
enterprise,3009,0.0,3.0,0.0,0.0,0.0,0.0,0.0,0.0,1137.0,1091.0,3.0,0.002638522427440633,0.0,
enterprise,3009,2.0,3.0,0.0,0.0,-0.34603359779355736,0.34603359779355736,0.0,0.0,1139.0,1093.0,3.0,0.0026338893766461808,2.0,
enterprise,3009,4.0,4.0,0.0,0.0,-0.298735722768382,0.49766528434696244,0.09946478078929022,0.3381802546835866,1155.0,1095.0,4.0,0.003463203463203463,4.0,
enterprise,3009,8.0,5.0,0.0,0.0,-0.5746818246762233,0.7807464028676299,0.10303228909570325,0.41212915638281294,1162.0,1085.0,5.0,0.004302925989672977,8.0,
enterprise,3010,0.0,4.0,0.0,0.0,0.0,0.0,0.0,0.0,1205.0,1136.0,4.0,0.0033195020746887966,0.0,
enterprise,3010,2.0,4.0,0.0,0.0,-0.7765045867674971,0.7765045867674971,0.0,0.0,1208.0,1139.0,4.0,0.0033112582781456954,2.0,
enterprise,3010,4.0,4.0,0.0,0.0,-1.4694471648804297,1.4694471648804297,0.0,0.0,1211.0,1142.0,4.0,0.0033030553261767133,4.0,
enterprise,3010,8.0,4.0,0.0,0.0,-3.3544517868655426,3.3544517868655426,0.0,0.0,1217.0,1148.0,4.0,0.003286770747740345,8.0,
enterprise,3011,0.0,7.0,0.0,0.0,-2.220446049250313e-16,2.854859206178974e-16,3.172065784643304e-17,1.5543122344752176e-16,808.0,699.0,7.0,0.008663366336633664,0.0,
enterprise,3011,2.0,7.0,0.0,0.0,-0.43219429181409247,0.504356076781442,0.036080892483674756,0.17679637317000613,811.0,702.0,7.0,0.008631319358816275,2.0,
enterprise,3011,4.0,8.0,0.0,0.0,-0.7393627842262833,0.8588318088159068,0.05973451229481169,0.2391129156338646,367.0,250.0,8.0,0.021798365122615803,4.0,
enterprise,3011,8.0,10.0,0.0,0.0,-1.2925216744673755,1.3783455322642957,0.04291192889846007,0.23601560894152995,438.0,300.0,10.0,0.0228310502283105,8.0,
enterprise,3012,0.0,4.0,0.0,0.0,0.0,0.0,0.0,0.0,932.0,869.0,4.0,0.004291845493562232,0.0,
enterprise,3012,2.0,5.0,0.0,0.0,-0.2570064237966238,0.40013148272818233,0.07156252946577926,0.28625011786311694,1197.0,1114.0,5.0,0.004177109440267335,2.0,
enterprise,3012,4.0,7.0,0.0,0.0,-0.29258564471951737,0.5443740939966993,0.12589422463859096,0.5137740477797758,1203.0,1091.0,7.0,0.005818786367414797,4.0,
enterprise,3012,8.0,7.0,1.0,0.14285714285714285,-0.6507174666794595,1.0909858910072352,0.22013421216388776,0.7363627154534006,804.0,696.0,7.0,0.008706467661691543,8.0,
enterprise,3013,0.0,6.0,0.0,0.0,-3.700743415417188e-17,1.8503717077085943e-16,7.401486830834377e-17,2.220446049250313e-16,820.0,731.0,6.0,0.007317073170731708,0.0,
enterprise,3013,2.0,6.0,0.0,0.0,-0.3841113969174194,0.44191537253187335,0.02890198780722697,0.13005894513252136,828.0,739.0,6.0,0.007246376811594203,2.0,
enterprise,3013,4.0,6.0,0.0,0.0,-0.9021411757399437,0.9852372220173469,0.041548023138701616,0.18696610412415726,836.0,747.0,6.0,0.007177033492822967,4.0,
enterprise,3013,8.0,6.0,0.0,0.0,-2.4054699702386757,2.4054699702386757,0.0,0.0,852.0,763.0,6.0,0.007042253521126761,8.0,
enterprise,3014,0.0,4.0,0.0,0.0,2.220446049250313e-16,2.220446049250313e-16,2.220446049250313e-16,7.549516567451061e-16,1008.0,950.0,4.0,0.003968253968253968,0.0,
enterprise,3014,2.0,4.0,0.0,0.0,-0.2786886589962436,0.29188092711882296,0.006596134061289671,0.022426855808384872,1010.0,953.0,4.0,0.0039603960396039604,2.0,
enterprise,3014,4.0,6.0,0.0,0.0,-0.9182336107371812,0.9978502222170423,0.03980830573993055,0.17913737582968747,498.0,427.0,6.0,0.012048192771084338,4.0,
enterprise,3014,8.0,6.0,0.0,0.0,-1.629062608130379,1.7463164491104128,0.0586269204900168,0.2638211422050756,868.0,786.0,6.0,0.0069124423963133645,8.0,
enterprise,3015,0.0,3.0,0.0,0.0,7.401486830834377e-17,2.220446049250313e-16,1.4802973661668753e-16,3.996802888650563e-16,1077.0,1028.0,3.0,0.002785515320334262,0.0,
enterprise,3015,2.0,3.0,0.0,0.0,-0.32161057667904425,0.32161057667904425,0.0,0.0,1082.0,1033.0,3.0,0.0027726432532347504,2.0,
enterprise,3015,4.0,3.0,0.0,0.0,-0.5646109239825604,0.5646109239825604,0.0,0.0,1087.0,1038.0,3.0,0.0027598896044158236,4.0,
enterprise,3015,8.0,3.0,0.0,0.0,-1.1735919280978377,1.1735919280978377,0.0,0.0,1097.0,1048.0,3.0,0.0027347310847766638,8.0,
enterprise,3016,0.0,5.0,0.0,0.0,-8.881784197001253e-17,8.881784197001253e-17,0.0,0.0,1021.0,942.0,5.0,0.004897159647404506,0.0,
enterprise,3016,2.0,5.0,0.0,0.0,-0.2967582604526263,0.2967582604526263,0.0,0.0,1029.0,950.0,5.0,0.004859086491739553,2.0,
enterprise,3016,4.0,5.0,0.0,0.0,-0.5732675839531476,0.5732675839531476,0.0,0.0,1038.0,959.0,5.0,0.004816955684007707,4.0,
enterprise,3016,8.0,5.0,0.0,0.0,-1.0838882635497884,1.0838882635497884,0.0,0.0,1056.0,977.0,5.0,0.004734848484848485,8.0,
enterprise,3017,0.0,6.0,0.0,0.0,2.9605947323337506e-16,2.9605947323337506e-16,2.9605947323337506e-16,1.3322676295501878e-15,489.0,416.0,6.0,0.012269938650306749,0.0,
enterprise,3017,2.0,7.0,0.0,0.0,-0.32504692428058474,0.5769220933006994,0.1259375845100574,0.26753634148145156,503.0,413.0,7.0,0.013916500994035786,2.0,
enterprise,3017,4.0,8.0,0.0,0.0,-0.6917961340365496,0.8676725295765864,0.0879381977700184,0.3794530594376097,976.0,856.0,8.0,0.00819672131147541,4.0,
enterprise,3017,8.0,7.0,0.0,0.0,-1.4683696588159145,1.596061453515024,0.06384589734955469,0.31284489701281765,904.0,801.0,7.0,0.007743362831858407,8.0,
enterprise,3018,0.0,1.0,0.0,0.0,0.0,0.0,0.0,0.0,1358.0,1340.0,1.0,0.0007363770250368188,0.0,
enterprise,3018,2.0,1.0,0.0,0.0,-0.040245058880447715,0.040245058880447715,0.0,0.0,1361.0,1343.0,1.0,0.0007347538574577516,2.0,
enterprise,3018,4.0,1.0,0.0,0.0,-0.2073897385799468,0.2073897385799468,0.0,0.0,1364.0,1346.0,1.0,0.0007331378299120235,4.0,
enterprise,3018,8.0,1.0,0.0,0.0,-0.5566418706627021,0.5566418706627021,0.0,0.0,1370.0,1352.0,1.0,0.00072992700729927,8.0,
enterprise,3019,0.0,4.0,0.0,0.0,1.1102230246251565e-16,1.1102230246251565e-16,1.1102230246251565e-16,2.220446049250313e-16,933.0,873.0,4.0,0.004287245444801715,0.0,
enterprise,3019,2.0,4.0,0.0,0.0,-0.39496032958495403,0.5107135561060767,0.05787661326056137,0.1967804850859086,809.0,750.0,4.0,0.004944375772558714,2.0,
enterprise,3019,4.0,4.0,0.0,0.0,-0.6414025062345114,0.8665263333128148,0.11256191353915163,0.38271050603311535,817.0,758.0,4.0,0.004895960832313341,4.0,
enterprise,3019,8.0,4.0,1.0,0.25,-1.0784251721962654,1.4739261889078095,0.1977505083557719,0.627935608001154,833.0,774.0,4.0,0.004801920768307323,8.0,
enterprise,3020,0.0,4.0,0.0,0.0,0.0,3.3306690738754696e-16,1.6653345369377348e-16,4.1078251911130784e-16,963.0,903.0,4.0,0.004153686396677051,0.0,
enterprise,3020,2.0,4.0,0.0,0.0,-0.16126063095023563,0.26592160420046923,0.0523304866251168,0.1316116463315958,971.0,911.0,4.0,0.004119464469618949,2.0,
enterprise,3020,4.0,4.0,0.0,0.0,-0.20379587939139232,0.42682449100483355,0.11151430580672061,0.37067876865989935,982.0,922.0,4.0,0.004073319755600814,4.0,
enterprise,3020,8.0,4.0,1.0,0.25,-0.43532712166347626,0.7679082405546487,0.16629055944558618,0.5653879021149928,1007.0,947.0,4.0,0.003972194637537239,8.0,
enterprise,3021,0.0,5.0,0.0,0.0,-3.552713678800501e-16,3.552713678800501e-16,0.0,0.0,1134.0,1052.0,5.0,0.004409171075837742,0.0,
enterprise,3021,2.0,8.0,0.0,0.0,-0.6255314878531812,0.7848158248784914,0.0796421685126551,0.2501421552919928,779.0,666.0,8.0,0.010269576379974325,2.0,
enterprise,3021,4.0,8.0,0.0,0.0,-1.0583612146920411,1.1523409100308484,0.04698984766940356,0.2056826501771359,664.0,551.0,8.0,0.012048192771084338,4.0,
enterprise,3021,8.0,9.0,1.0,0.1111111111111111,-2.0469965134993355,2.286136637951942,0.11957006222630308,0.5551123932153852,659.0,533.0,9.0,0.013657056145675266,8.0,
enterprise,3022,0.0,3.0,0.0,0.0,-7.401486830834377e-17,2.220446049250313e-16,7.401486830834377e-17,1.9984014443252816e-16,1393.0,1341.0,3.0,0.0021536252692031586,0.0,
enterprise,3022,2.0,5.0,0.0,0.0,-0.26101140927069205,0.3536911130791511,0.04633985190422951,0.18335452604071975,874.0,803.0,5.0,0.005720823798627002,2.0,
enterprise,3022,4.0,4.0,0.0,0.0,-0.13013060130401888,0.28203719719335774,0.07595329794466943,0.25824121301187597,948.0,886.0,4.0,0.004219409282700422,4.0,
enterprise,3022,8.0,4.0,0.0,0.0,-0.44000685324477684,0.8732399407051439,0.21661654373018352,0.5557914204567957,961.0,899.0,4.0,0.004162330905306972,8.0,
enterprise,3023,0.0,5.0,0.0,0.0,0.0,0.0,0.0,0.0,531.0,467.0,5.0,0.009416195856873822,0.0,
enterprise,3023,2.0,5.0,0.0,0.0,-0.39554131341777293,0.4712328549621302,0.037845770772178614,0.12081313657835205,489.0,425.0,5.0,0.010224948875255624,2.0,
enterprise,3023,4.0,5.0,0.0,0.0,-0.8431923896816752,1.0182377948736026,0.08752270259596369,0.33807091654342525,746.0,680.0,5.0,0.006702412868632708,4.0,
enterprise,3023,8.0,5.0,1.0,0.2,-1.7737415609817855,2.1118493582200513,0.16905389861913273,0.5857058625019171,752.0,686.0,5.0,0.006648936170212766,8.0,
enterprise,3024,0.0,6.0,0.0,0.0,3.700743415417188e-17,2.590520390792032e-16,1.4802973661668753e-16,6.661338147750939e-16,475.0,401.0,6.0,0.01263157894736842,0.0,
enterprise,3024,2.0,6.0,0.0,0.0,-0.47805358029532136,0.7106421498104772,0.11629428475757786,0.32732254257023286,680.0,600.0,6.0,0.008823529411764706,2.0,
enterprise,3024,4.0,6.0,0.0,0.0,-1.3906111514147659,1.5428821422554153,0.07613549542032445,0.29854951981445765,689.0,609.0,6.0,0.008708272859216255,4.0,
enterprise,3024,8.0,8.0,1.0,0.125,-2.1473989299449574,2.4831765241417423,0.16788879709839266,0.7549612028635045,747.0,636.0,8.0,0.0107095046854083,8.0,
enterprise,3025,0.0,4.0,0.0,0.0,0.0,0.0,0.0,0.0,772.0,714.0,4.0,0.0051813471502590676,0.0,
enterprise,3025,2.0,4.0,0.0,0.0,-0.34657283224560986,0.37881068078072866,0.016118924267559398,0.05480434250970193,774.0,716.0,4.0,0.00516795865633075,2.0,
enterprise,3025,4.0,4.0,0.0,0.0,-0.6273183429739058,0.9099758963658813,0.14132877669598776,0.4805178407663582,1037.0,976.0,4.0,0.003857280617164899,4.0,
enterprise,3025,8.0,4.0,1.0,0.25,-1.4972736005189007,1.8406529445184203,0.17168967199975982,0.5837448847991832,1041.0,980.0,4.0,0.0038424591738712775,8.0,
enterprise,3026,0.0,4.0,0.0,0.0,5.551115123125783e-17,5.551115123125783e-17,5.551115123125783e-17,1.8873791418627653e-16,1129.0,1067.0,4.0,0.00354295837023915,0.0,
enterprise,3026,2.0,3.0,0.0,0.0,-0.5980176098336497,0.5980176098336497,0.0,0.0,1283.0,1233.0,3.0,0.002338269680436477,2.0,
enterprise,3026,4.0,3.0,0.0,0.0,-1.107708315538402,1.107708315538402,0.0,0.0,1287.0,1237.0,3.0,0.002331002331002331,4.0,
enterprise,3026,8.0,3.0,0.0,0.0,-2.611248360629888,2.611248360629888,0.0,0.0,1295.0,1245.0,3.0,0.0023166023166023165,8.0,
enterprise,3027,0.0,4.0,0.0,0.0,-4.440892098500626e-16,4.440892098500626e-16,0.0,0.0,798.0,740.0,4.0,0.005012531328320802,0.0,
enterprise,3027,2.0,5.0,0.0,0.0,-0.43956538514260046,0.6218504242893073,0.09114251957335337,0.2975857150102784,544.0,479.0,5.0,0.009191176470588236,2.0,
enterprise,3027,4.0,4.0,0.0,0.0,-1.2498128370939336,1.4651758488302358,0.10768150586815117,0.2872738649664564,746.0,688.0,4.0,0.005361930294906166,4.0,
enterprise,3027,8.0,5.0,0.0,0.0,-1.7212075365145771,2.073808825247672,0.17630064436654744,0.4470993690248665,495.0,430.0,5.0,0.010101010101010102,8.0,
enterprise,3028,0.0,3.0,0.0,0.0,0.0,0.0,0.0,0.0,1265.0,1217.0,3.0,0.0023715415019762848,0.0,
enterprise,3028,2.0,3.0,0.0,0.0,-0.11648758884950065,0.22257628261534337,0.05304434688292137,0.14321973658388767,1264.0,1216.0,3.0,0.0023734177215189874,2.0,
enterprise,3028,4.0,4.0,0.0,0.0,-0.1907145085978127,0.44739392057403393,0.12833970598811062,0.4363550003595759,1017.0,955.0,4.0,0.003933136676499509,4.0,
enterprise,3028,8.0,4.0,0.0,0.0,-0.6861876328005467,0.9859972849569638,0.14990482607820854,0.5096764086659088,1021.0,959.0,4.0,0.0039177277179236044,8.0,
enterprise,3029,0.0,4.0,0.0,0.0,5.551115123125783e-17,1.6653345369377348e-16,1.1102230246251565e-16,3.7747582837255307e-16,1079.0,1021.0,4.0,0.0037071362372567192,0.0,
enterprise,3029,2.0,4.0,0.0,0.0,-0.2051190946367687,0.2051190946367687,0.0,0.0,1085.0,1027.0,4.0,0.003686635944700461,2.0,
enterprise,3029,4.0,4.0,0.0,0.0,-0.5938365042780002,0.5938365042780002,0.0,0.0,1176.0,1116.0,4.0,0.003401360544217687,4.0,
enterprise,3029,8.0,5.0,0.0,0.0,-0.9341597659881264,1.128907319512685,0.09737377676227932,0.38949510704911716,1151.0,1081.0,5.0,0.004344048653344918,8.0,
enterprise,3030,0.0,3.0,0.0,0.0,0.0,0.0,0.0,0.0,977.0,930.0,3.0,0.0030706243602865915,0.0,
enterprise,3030,2.0,4.0,0.0,0.0,-0.1845245197637293,0.24377687033754247,0.029626175286906586,0.10072899597548235,1018.0,956.0,4.0,0.003929273084479371,2.0,
enterprise,3030,4.0,4.0,0.0,0.0,-0.26932233063046673,0.3732374108347266,0.05195754010212994,0.17096776029613353,1024.0,962.0,4.0,0.00390625,4.0,
enterprise,3030,8.0,3.0,0.0,0.0,-1.1607847419349897,1.1607847419349897,0.0,0.0,992.0,945.0,3.0,0.0030241935483870967,8.0,
hpc,3001,0.0,17.0,0.0,0.0,0.0,0.0,0.0,0.0,386.0,242.0,17.0,0.04404145077720207,0.0,
hpc,3001,2.0,16.0,0.0,0.0,-4.423497178254348,5.224309246002275,0.40040603387396323,1.664400929374048,389.0,254.0,16.0,0.04113110539845758,2.0,
hpc,3001,4.0,15.0,0.0,0.0,-6.941851334652552,7.615552761794484,0.33685071357096585,1.9110496267650974,380.0,248.0,15.0,0.039473684210526314,4.0,
hpc,3001,8.0,18.0,1.0,0.05555555555555555,-9.473326855393543,9.635333750511045,0.0810034475587512,0.7239583157888856,377.0,229.0,18.0,0.04774535809018567,8.0,
hpc,3002,0.0,18.0,0.0,0.0,-4.9343245538895844e-17,4.9343245538895844e-17,0.0,0.0,529.0,310.0,18.0,0.034026465028355386,0.0,
hpc,3002,2.0,9.0,0.0,0.0,-1.0589513946767877,1.2093390276548768,0.0751938164890446,0.2986158159406713,356.0,257.0,9.0,0.025280898876404494,2.0,
hpc,3002,4.0,11.0,0.0,0.0,-3.9895891570027486,4.285217835122943,0.14781433906009755,0.7630406214291815,368.0,246.0,11.0,0.029891304347826088,4.0,
hpc,3002,8.0,20.0,0.0,0.0,-6.851745241766392,6.942023628078647,0.04513919315612771,0.30716707349945416,424.0,231.0,20.0,0.04716981132075472,8.0,
hpc,3003,0.0,9.0,0.0,0.0,0.0,0.0,0.0,0.0,467.0,353.0,9.0,0.019271948608137045,0.0,
hpc,3003,2.0,10.0,0.0,0.0,-0.7633782770748458,1.1124108522640879,0.17451628759462104,0.9395651013687724,478.0,352.0,10.0,0.02092050209205021,2.0,
hpc,3003,4.0,10.0,0.0,0.0,-1.2615563442193165,1.7470503878426438,0.2427470218116638,1.0655138590589002,494.0,368.0,10.0,0.020242914979757085,4.0,
hpc,3003,8.0,13.0,0.0,0.0,-1.5454113065262558,1.7443456922960114,0.0994671928848779,0.5777699946389662,381.0,259.0,13.0,0.03412073490813648,8.0,
hpc,3004,0.0,12.0,0.0,0.0,0.0,0.0,0.0,0.0,343.0,234.0,12.0,0.03498542274052478,0.0,
hpc,3004,2.0,13.0,0.0,0.0,-2.6821268321764644,3.158652912410415,0.23826304011697522,1.4569669548508573,351.0,231.0,13.0,0.037037037037037035,2.0,
hpc,3004,4.0,14.0,0.0,0.0,-7.473016642888465,7.576536753187372,0.05176005514945329,0.22725210504872081,351.0,228.0,14.0,0.039886039886039885,4.0,
hpc,3004,8.0,25.0,2.0,0.08,-8.402556244552265,8.888611522692509,0.2430276390701223,1.9177311094675518,350.0,197.0,25.0,0.07142857142857142,8.0,
hpc,3005,0.0,15.0,0.0,0.0,1.4802973661668754e-17,1.4802973661668754e-17,1.4802973661668754e-17,6.661338147750916e-17,394.0,233.0,15.0,0.03807106598984772,0.0,
hpc,3005,2.0,17.0,0.0,0.0,-0.7740662060269994,0.9262475647968662,0.07609067938493339,0.5739970490327897,474.0,296.0,17.0,0.035864978902953586,2.0,
hpc,3005,4.0,21.0,0.0,0.0,-1.8577554662646478,2.0211937931013324,0.0817191634183423,0.8127930320417995,486.0,286.0,21.0,0.043209876543209874,4.0,
hpc,3005,8.0,17.0,0.0,0.0,-4.425644811108907,4.633841929683334,0.1040985592872133,0.5403407771692484,457.0,281.0,17.0,0.037199124726477024,8.0,
hpc,3006,0.0,17.0,0.0,0.0,0.0,0.0,0.0,0.0,377.0,228.0,17.0,0.04509283819628647,0.0,
hpc,3006,2.0,15.0,0.0,0.0,-2.625475362740545,3.2115995770507766,0.2930621071551158,1.3194750851943922,460.0,292.0,15.0,0.03260869565217391,2.0,
hpc,3006,4.0,26.0,0.0,0.0,-2.0578741039093447,2.6108317942789787,0.27647884518481686,0.4420999745427591,426.0,245.0,26.0,0.06103286384976526,4.0,
hpc,3006,8.0,19.0,0.0,0.0,-5.6339935982863105,6.085997089116165,0.22600174541492732,1.5491832158818721,524.0,331.0,19.0,0.03625954198473282,8.0,
hpc,3007,0.0,19.0,0.0,0.0,1.495879443705474e-15,1.495879443705474e-15,1.495879443705474e-15,2.84217094304034e-15,488.0,308.0,19.0,0.0389344262295082,0.0,
hpc,3007,2.0,16.0,0.0,0.0,-2.7543276186957977,3.2097539237561694,0.22771315253018568,1.4492094693215591,413.0,261.0,16.0,0.0387409200968523,2.0,
hpc,3007,4.0,32.0,0.0,0.0,-3.368969246006876,3.5580003570635923,0.09451555552835804,0.44583477930455795,602.0,286.0,32.0,0.053156146179401995,4.0,
hpc,3007,8.0,26.0,1.0,0.038461538461538464,-6.3193860580473515,6.44679323016111,0.06370358605687965,0.4971756880161158,392.0,212.0,26.0,0.0663265306122449,8.0,
hpc,3008,0.0,11.0,0.0,0.0,-8.074349270001139e-17,8.074349270001139e-17,0.0,0.0,442.0,331.0,11.0,0.024886877828054297,0.0,
hpc,3008,2.0,14.0,0.0,0.0,-1.1192328031398424,1.4977777200956541,0.18927245847790605,1.0713894857872084,365.0,240.0,14.0,0.038356164383561646,2.0,
hpc,3008,4.0,20.0,0.0,0.0,-3.675147081948256,4.0825466300797695,0.20369977406575607,1.1312381651987125,388.0,210.0,20.0,0.05154639175257732,4.0,
hpc,3008,8.0,12.0,0.0,0.0,-6.350363183967944,6.504001028974861,0.0768189225034579,0.42745570915601144,363.0,249.0,12.0,0.03305785123966942,8.0,
hpc,3009,0.0,13.0,0.0,0.0,5.124106267500723e-17,5.124106267500723e-17,5.124106267500723e-17,3.108624468950435e-16,562.0,412.0,13.0,0.023131672597864767,0.0,
hpc,3009,2.0,19.0,0.0,0.0,-0.9221895159649124,1.1786956912778117,0.12825308765644958,0.7684178419776375,651.0,419.0,19.0,0.029185867895545316,2.0,
hpc,3009,4.0,19.0,0.0,0.0,-1.5181527353287385,1.7338935716126007,0.10787041814193095,0.7165966210429041,599.0,368.0,19.0,0.03171953255425709,4.0,
hpc,3009,8.0,25.0,0.0,0.0,-1.5832070136971717,2.0126251357359415,0.21470906101938497,0.9193610669655993,554.0,336.0,25.0,0.04512635379061372,8.0,
hpc,3010,0.0,21.0,0.0,0.0,0.0,0.0,0.0,0.0,429.0,274.0,21.0,0.04895104895104895,0.0,
hpc,3010,2.0,15.0,0.0,0.0,-1.348235000779745,1.638005070173405,0.14488503469682995,0.9636538804138496,380.0,244.0,15.0,0.039473684210526314,2.0,
hpc,3010,4.0,17.0,0.0,0.0,-3.5158803451751925,3.7351278207159218,0.10962373777036467,0.5190392974441349,391.0,233.0,17.0,0.043478260869565216,4.0,
hpc,3010,8.0,17.0,0.0,0.0,-7.957873795361146,8.03863224072733,0.04037922268309243,0.20578980992621795,393.0,244.0,17.0,0.043256997455470736,8.0,
hpc,3011,0.0,11.0,0.0,0.0,0.0,0.0,0.0,0.0,453.0,316.0,11.0,0.024282560706401765,0.0,
hpc,3011,2.0,13.0,0.0,0.0,-3.7613515546629133,4.029198205450034,0.13392332539356033,0.6685599047727895,451.0,312.0,13.0,0.028824833702882482,2.0,
hpc,3011,4.0,16.0,0.0,0.0,-4.134494949060065,4.4191579997990065,0.1423315253694708,0.6123457159795063,433.0,296.0,16.0,0.03695150115473441,4.0,
hpc,3011,8.0,17.0,1.0,0.058823529411764705,-7.647052210201177,8.043744924094105,0.19834635694646383,1.0207087360993117,429.0,289.0,17.0,0.039627039627039624,8.0,
hpc,3012,0.0,15.0,0.0,0.0,-5.921189464667501e-17,5.921189464667501e-17,0.0,0.0,427.0,300.0,15.0,0.0351288056206089,0.0,
hpc,3012,2.0,15.0,0.0,0.0,-2.154500405683005,2.9636964067910045,0.40459800055399975,2.2934723127778462,483.0,314.0,15.0,0.031055900621118012,2.0,
hpc,3012,4.0,22.0,1.0,0.045454545454545456,-3.835804757601454,4.097355692679819,0.13077546753918218,0.7978619816773669,549.0,296.0,22.0,0.04007285974499089,4.0,
hpc,3012,8.0,17.0,2.0,0.11764705882352941,-8.437686161067877,8.85761016641013,0.20996200267112639,1.515922897744478,441.0,252.0,17.0,0.03854875283446712,8.0,
hpc,3013,0.0,10.0,0.0,0.0,0.0,0.0,0.0,0.0,378.0,256.0,10.0,0.026455026455026454,0.0,
hpc,3013,2.0,23.0,0.0,0.0,-0.9909660930042873,1.3860066352952587,0.1975202711454857,1.2390676137829035,442.0,275.0,23.0,0.05203619909502263,2.0,
hpc,3013,4.0,25.0,0.0,0.0,-2.00614637922306,2.368578451392091,0.1812160360845155,0.5878293196137541,461.0,272.0,25.0,0.05422993492407809,4.0,
hpc,3013,8.0,50.0,5.0,0.1,-1.6110410451236146,2.188934318111171,0.28894663649377794,1.229460681268456,425.0,160.0,50.0,0.11764705882352941,8.0,
hpc,3014,0.0,16.0,0.0,0.0,0.0,0.0,0.0,0.0,390.0,225.0,16.0,0.041025641025641026,0.0,
hpc,3014,2.0,24.0,0.0,0.0,-0.8771415299216235,0.9436128335162834,0.033235651797329895,0.13877371240378458,550.0,294.0,24.0,0.04363636363636364,2.0,
hpc,3014,4.0,25.0,0.0,0.0,-2.3694125176758725,2.617954097988125,0.12427079015612628,0.107361727977284,563.0,334.0,25.0,0.04440497335701599,4.0,
hpc,3014,8.0,41.0,4.0,0.0975609756097561,-4.07466804210393,4.3777203242215785,0.15152614105882442,1.0508411609457262,639.0,231.0,41.0,0.06416275430359937,8.0,
hpc,3015,0.0,14.0,0.0,0.0,0.0,0.0,0.0,0.0,331.0,228.0,14.0,0.04229607250755287,0.0,
hpc,3015,2.0,11.0,0.0,0.0,-6.784638929925521,6.878964433607157,0.04716275184081876,0.2593951351245032,331.0,237.0,11.0,0.03323262839879154,2.0,
hpc,3015,4.0,12.0,1.0,0.08333333333333333,-9.493070393955398,9.603041820114184,0.05498571307939256,0.29692285062871937,331.0,234.0,12.0,0.03625377643504532,4.0,
hpc,3015,8.0,22.0,2.0,0.09090909090909091,-10.474559001371585,10.765121316399073,0.1452811575137447,0.7745031835734792,401.0,260.0,22.0,0.05486284289276808,8.0,
hpc,3016,0.0,13.0,0.0,0.0,0.0,0.0,0.0,0.0,534.0,380.0,13.0,0.024344569288389514,0.0,
hpc,3016,2.0,19.0,0.0,0.0,-0.539513287817422,1.0851211750416205,0.2728039436120992,1.1502375995786858,627.0,404.0,19.0,0.030303030303030304,2.0,
hpc,3016,4.0,18.0,0.0,0.0,-1.4729889362174806,1.904801777775678,0.2159064207790988,1.3135685983808576,442.0,261.0,18.0,0.04072398190045249,4.0,
hpc,3016,8.0,16.0,0.0,0.0,-2.798988884656209,3.1852115517890467,0.1931113335664188,0.894010153166219,442.0,259.0,16.0,0.03619909502262444,8.0,
hpc,3017,0.0,17.0,0.0,0.0,2.6122894697062506e-17,2.6122894697062506e-17,2.6122894697062506e-17,8.881784197001221e-17,340.0,231.0,17.0,0.05,0.0,
hpc,3017,2.0,13.0,1.0,0.07692307692307693,-5.623959146501631,6.255120671483751,0.3155807624910609,1.3786423921105717,330.0,232.0,13.0,0.03939393939393939,2.0,
hpc,3017,4.0,13.0,1.0,0.07692307692307693,-10.397870256360303,11.150664845981803,0.37639729481074863,2.1050025389241975,333.0,234.0,13.0,0.03903903903903904,4.0,
hpc,3017,8.0,16.0,2.0,0.125,-15.154444756500828,15.69086003050022,0.2682076369996965,1.6995056124504453,344.0,235.0,16.0,0.046511627906976744,8.0,
hpc,3018,0.0,17.0,0.0,0.0,-1.0449157878825003e-16,2.0898315757650005e-16,5.224578939412501e-17,1.7763568394002442e-16,410.0,251.0,17.0,0.041463414634146344,0.0,
hpc,3018,2.0,12.0,0.0,0.0,-0.8181569230070266,1.3782448544694585,0.2800439657312161,1.2656446758386972,408.0,286.0,12.0,0.029411764705882353,2.0,
hpc,3018,4.0,14.0,0.0,0.0,-2.383594161947463,2.806012153089466,0.2112089955710019,0.8246458445032991,415.0,287.0,14.0,0.033734939759036145,4.0,
hpc,3018,8.0,20.0,0.0,0.0,-4.063517125154036,4.383275999383828,0.15987943711489558,0.7208728639841931,483.0,305.0,20.0,0.041407867494824016,8.0,
hpc,3019,0.0,14.0,0.0,0.0,3.172065784643304e-17,3.172065784643304e-17,3.172065784643304e-17,1.5543122344752176e-16,466.0,320.0,14.0,0.030042918454935622,0.0,
hpc,3019,2.0,17.0,0.0,0.0,-1.814360644710561,2.4742274017243755,0.32993337850690735,1.6942061023202215,401.0,229.0,17.0,0.04239401496259352,2.0,
hpc,3019,4.0,15.0,0.0,0.0,-3.863409870033216,4.000459967753578,0.06852504886018096,0.3083627198708132,405.0,243.0,15.0,0.037037037037037035,4.0,
hpc,3019,8.0,19.0,1.0,0.05263157894736842,-5.487086351297148,5.73276402053425,0.12283883461855187,0.6862344798963836,339.0,177.0,19.0,0.05604719764011799,8.0,
hpc,3020,0.0,15.0,0.0,0.0,-4.4408920985006264e-17,1.924386576016938e-16,7.401486830834377e-17,4.218847493575588e-16,497.0,305.0,15.0,0.030181086519114688,0.0,
hpc,3020,2.0,15.0,0.0,0.0,-0.9450402700430452,1.0819061634723484,0.06843294671465164,0.3698072301606984,443.0,251.0,15.0,0.033860045146726865,2.0,
hpc,3020,4.0,24.0,0.0,0.0,-1.3562695247993384,1.594251879074677,0.11899117713766931,0.6814421160339761,523.0,303.0,24.0,0.045889101338432124,4.0,
hpc,3020,8.0,28.0,1.0,0.03571428571428571,-2.347302385357712,2.628246322128691,0.14047196838548942,0.6775565166069475,509.0,275.0,28.0,0.0550098231827112,8.0,
hpc,3021,0.0,17.0,0.0,0.0,0.0,0.0,0.0,0.0,381.0,251.0,17.0,0.04461942257217848,0.0,
hpc,3021,2.0,16.0,0.0,0.0,-1.639990340054737,1.9677276406673108,0.16386865030628686,1.0524344540485995,490.0,310.0,16.0,0.0326530612244898,2.0,
hpc,3021,4.0,21.0,0.0,0.0,-2.342292963727005,2.3745991254318315,0.01615308085241342,0.08973405670044565,426.0,250.0,21.0,0.04929577464788732,4.0,
hpc,3021,8.0,21.0,2.0,0.09523809523809523,-3.359080302914979,3.6652720840208923,0.15309589055295647,0.9510901866827322,416.0,251.0,21.0,0.05048076923076923,8.0,
hpc,3022,0.0,12.0,0.0,0.0,0.0,0.0,0.0,0.0,423.0,310.0,12.0,0.028368794326241134,0.0,
hpc,3022,2.0,13.0,0.0,0.0,-0.7393005850612332,1.0375230765186394,0.14911124572870313,0.5953763220558366,368.0,237.0,13.0,0.035326086956521736,2.0,
hpc,3022,4.0,14.0,0.0,0.0,-0.9721983897952586,1.1834270704696255,0.10561434033718342,0.4303275889869328,362.0,234.0,14.0,0.03867403314917127,4.0,
hpc,3022,8.0,11.0,0.0,0.0,-2.323415781266138,2.74742375939623,0.2120039890650461,0.8951166827653272,363.0,251.0,11.0,0.030303030303030304,8.0,
hpc,3023,0.0,13.0,0.0,0.0,2.7328566760003855e-16,2.7328566760003855e-16,2.7328566760003855e-16,1.4210854715201953e-15,374.0,254.0,13.0,0.034759358288770054,0.0,
hpc,3023,2.0,17.0,0.0,0.0,-0.9160069448313205,1.0754818206483856,0.07973743790853252,0.3042764205142582,412.0,245.0,17.0,0.0412621359223301,2.0,
hpc,3023,4.0,14.0,0.0,0.0,-1.9450294346054418,2.1133865171951984,0.08417854129487827,0.4578270691226369,374.0,238.0,14.0,0.0374331550802139,4.0,
hpc,3023,8.0,21.0,1.0,0.047619047619047616,-2.97731840277099,3.2476274609907962,0.1351545291099034,0.6549675448974686,454.0,299.0,21.0,0.046255506607929514,8.0,
hpc,3024,0.0,10.0,0.0,0.0,0.0,0.0,0.0,0.0,401.0,293.0,10.0,0.02493765586034913,0.0,
hpc,3024,2.0,15.0,0.0,0.0,-1.9861555771309092,2.1200375562061935,0.06694098953764206,0.39416448474837223,351.0,233.0,15.0,0.042735042735042736,2.0,
hpc,3024,4.0,13.0,0.0,0.0,-5.210955888203086,5.2537489656515515,0.021396538724232153,0.12058706398700912,358.0,244.0,13.0,0.036312849162011177,4.0,
hpc,3024,8.0,20.0,1.0,0.05,-5.882761766492136,6.066685660953655,0.09196194723075926,0.43725082280807337,447.0,284.0,20.0,0.0447427293064877,8.0,
hpc,3025,0.0,10.0,0.0,0.0,0.0,0.0,0.0,0.0,463.0,345.0,10.0,0.02159827213822894,0.0,
hpc,3025,2.0,8.0,0.0,0.0,-1.2589769289631536,1.6570981324177247,0.19906060172728557,0.7624264173218281,445.0,349.0,8.0,0.017977528089887642,2.0,
hpc,3025,4.0,10.0,0.0,0.0,-2.1367102920263323,2.412001358454215,0.1376455332139411,0.7387896661185541,357.0,255.0,10.0,0.028011204481792718,4.0,
hpc,3025,8.0,10.0,0.0,0.0,-3.641523603094624,3.787103674030503,0.07279003546793969,0.3888947118951379,371.0,269.0,10.0,0.026954177897574125,8.0,
hpc,3026,0.0,9.0,0.0,0.0,-2.4671622769447922e-17,2.4671622769447922e-17,0.0,0.0,407.0,303.0,9.0,0.022113022113022112,0.0,
hpc,3026,2.0,13.0,0.0,0.0,-0.8920794364243648,1.0599417559746511,0.08393115977514316,0.35060260831019235,592.0,459.0,13.0,0.02195945945945946,2.0,
hpc,3026,4.0,15.0,0.0,0.0,-1.0279047480237706,1.2052306500363938,0.08866295100631158,0.5673091676620813,356.0,241.0,15.0,0.042134831460674156,4.0,
hpc,3026,8.0,13.0,0.0,0.0,-2.9486831670795572,3.0198989254292368,0.03560787917484038,0.22315980351534592,377.0,268.0,13.0,0.034482758620689655,8.0,
hpc,3027,0.0,14.0,0.0,0.0,3.806478941571965e-16,3.806478941571965e-16,3.806478941571965e-16,2.3980817331903375e-15,394.0,234.0,14.0,0.03553299492385787,0.0,
hpc,3027,2.0,24.0,0.0,0.0,-0.9334789426261709,1.1538030536914665,0.11016205553264778,0.6931123073986979,500.0,270.0,24.0,0.048,2.0,
hpc,3027,4.0,19.0,0.0,0.0,-2.464172223644904,2.8918153142027143,0.21382154527890482,0.9160491873847232,463.0,283.0,19.0,0.04103671706263499,4.0,
hpc,3027,8.0,34.0,2.0,0.058823529411764705,-2.0119576803143144,2.391125682111487,0.18958400089858635,0.857709794480191,467.0,232.0,34.0,0.0728051391862955,8.0,
hpc,3028,0.0,11.0,0.0,0.0,0.0,0.0,0.0,0.0,353.0,245.0,11.0,0.031161473087818695,0.0,
hpc,3028,2.0,13.0,0.0,0.0,-1.636366875249775,1.8621649246287357,0.11289902468948025,0.5161486115545253,474.0,347.0,13.0,0.027426160337552744,2.0,
hpc,3028,4.0,14.0,0.0,0.0,-3.231931503289551,3.5601410272984455,0.16410476200444718,0.8904542124634645,376.0,251.0,14.0,0.03723404255319149,4.0,
hpc,3028,8.0,10.0,0.0,0.0,-7.279210992709025,7.6550269462281,0.18790797675953713,0.9414974948940091,342.0,244.0,10.0,0.029239766081871343,8.0,
hpc,3029,0.0,12.0,0.0,0.0,-2.9605947323337506e-16,2.9605947323337506e-16,0.0,0.0,382.0,258.0,12.0,0.031413612565445025,0.0,
hpc,3029,2.0,17.0,0.0,0.0,-0.6235209711293251,0.7905315840524357,0.0835053064615553,0.283918041969287,463.0,281.0,17.0,0.0367170626349892,2.0,
hpc,3029,4.0,12.0,0.0,0.0,-1.1900532372104953,1.3587565072604226,0.08435163502496372,0.4946948096432994,448.0,306.0,12.0,0.026785714285714284,4.0,
hpc,3029,8.0,54.0,4.0,0.07407407407407407,-1.4319905667117003,1.8037708031527888,0.1858901182205443,1.371703749658967,532.0,182.0,54.0,0.10150375939849623,8.0,
hpc,3030,0.0,17.0,0.0,0.0,0.0,0.0,0.0,0.0,508.0,299.0,17.0,0.03346456692913386,0.0,
hpc,3030,2.0,17.0,0.0,0.0,-0.47545234298502675,0.715193268450682,0.1198704627328276,0.5419651782127988,586.0,364.0,17.0,0.02901023890784983,2.0,
hpc,3030,4.0,26.0,0.0,0.0,-0.5386549115633185,0.7697308890983686,0.11553798876752507,0.49242474607081754,591.0,343.0,26.0,0.043993231810490696,4.0,
hpc,3030,8.0,13.0,1.0,0.07692307692307693,-1.8421923966942646,2.168530374905278,0.16316898910550653,0.9389987631961854,512.0,353.0,13.0,0.025390625,8.0,
edge,3001,1.0,15.0,0.0,0.0,-0.5817651143884476,0.9565547681742936,0.187394826892923,1.131581178812426,526.0,305.0,15.0,0.0285171102661596,1.0,C1.1
edge,3002,1.0,11.0,0.0,0.0,-2.1360755523316404,2.218740340732003,0.0413323942001811,0.2273281681009962,326.0,237.0,11.0,0.0337423312883435,1.0,C1.1
edge,3003,1.0,10.0,0.0,0.0,-2.919021704484936,3.0557840058928685,0.0683811507039664,0.3760963288718144,328.0,240.0,10.0,0.0304878048780487,1.0,C1.1
edge,3004,1.0,12.0,0.0,0.0,0.3034819444107825,1.1322402904277806,0.7178611174192815,3.736847652061937,378.0,247.0,12.0,0.0317460317460317,1.0,C1.1
edge,3005,1.0,8.0,0.0,0.0,0.9112777341522592,1.4120487598428426,1.161663246997551,5.683099834204159,430.0,328.0,8.0,0.0186046511627906,1.0,C1.1
edge,3006,1.0,8.0,0.0,0.0,-0.6446642500987863,0.727699638102409,0.0415176940018113,0.1764479006593937,456.0,360.0,8.0,0.0175438596491228,1.0,C1.1
edge,3007,1.0,12.0,0.0,0.0,-0.5213955147081015,3.0422899334598426,1.26044720937587,5.97784133807834,373.0,266.0,12.0,0.032171581769437,1.0,C1.1
edge,3008,1.0,11.0,0.0,0.0,0.0451518686834751,0.6847233020691307,0.3649375853763029,1.1183002982211685,380.0,258.0,11.0,0.0289473684210526,1.0,C1.1
edge,3009,1.0,8.0,0.0,0.0,0.0606888605682608,0.54743660205641,0.3040627313123354,1.3450055359187534,417.0,316.0,8.0,0.0191846522781774,1.0,C1.1
edge,3010,1.0,11.0,0.0,0.0,-3.1444158019768094,3.3908261860771463,0.1232051920501685,0.677628556275927,336.0,237.0,11.0,0.0327380952380952,1.0,C1.1
edge,3011,1.0,11.0,0.0,0.0,-0.9660494927230894,1.1427909086983392,0.0883707079876248,0.4335045711362575,363.0,261.0,11.0,0.0303030303030303,1.0,C1.1
edge,3012,1.0,13.0,0.0,0.0,1.6107793792167162,2.2251354398406606,1.9179574095286889,10.642366297432424,416.0,308.0,13.0,0.03125,1.0,C1.1
edge,3013,1.0,13.0,0.0,0.0,0.0252806246443779,0.912442250984333,0.4688614378143554,2.3295166617351444,526.0,358.0,13.0,0.0247148288973384,1.0,C1.1
edge,3014,1.0,9.0,0.0,0.0,-0.9504934956311096,0.9930003253951784,0.0212534148820343,0.1001507997639593,420.0,324.0,9.0,0.0214285714285714,1.0,C1.1
edge,3015,1.0,11.0,0.0,0.0,-1.5831026260501702,1.634552005962655,0.0257246899562424,0.1414857947593335,653.0,504.0,11.0,0.0168453292496171,1.0,C1.1
edge,3016,1.0,11.0,0.0,0.0,-1.4681782205781302,1.841385454074548,0.1866036167482089,0.9283989132477508,346.0,240.0,11.0,0.0317919075144508,1.0,C1.1
edge,3017,1.0,10.0,0.0,0.0,-1.2409731654772558,1.87281279375405,0.3159198141383969,1.1862585820659843,353.0,244.0,10.0,0.0283286118980169,1.0,C1.1
edge,3018,1.0,8.0,0.0,0.0,-2.2312670308917792,2.825993644414343,0.2973633067612819,1.202520564949744,414.0,328.0,8.0,0.0193236714975845,1.0,C1.1
edge,3019,1.0,8.0,0.0,0.0,-3.018921938187786,3.2381449546279786,0.1096115082200963,0.5699798427445006,418.0,328.0,8.0,0.0191387559808612,1.0,C1.1
edge,3020,1.0,10.0,0.0,0.0,-0.0564649424970397,1.392523470286993,0.6680292638949767,3.4690238164171703,416.0,308.0,10.0,0.0240384615384615,1.0,C1.1
edge,3021,1.0,13.0,0.0,0.0,-0.8029796403759675,1.1120740469212396,0.154547203272636,0.7176757264289518,508.0,326.0,13.0,0.0255905511811023,1.0,C1.1
edge,3022,1.0,8.0,0.0,0.0,-0.7099543032083131,0.7970211452951215,0.0435334210434041,0.2042782533875611,461.0,359.0,8.0,0.0173535791757049,1.0,C1.1
edge,3023,1.0,11.0,0.0,0.0,-3.645035162557043,4.42851129911563,0.3917380682792938,2.1069412891548023,353.0,247.0,11.0,0.0311614730878186,1.0,C1.1
edge,3024,1.0,13.0,0.0,0.0,0.7716597987113847,1.7148200652882104,1.2432399319997978,5.878941529952078,372.0,246.0,13.0,0.0349462365591397,1.0,C1.1
edge,3025,1.0,10.0,0.0,0.0,-2.7841129495788555,2.899991995196676,0.0579395228089104,0.3053701299847903,356.0,260.0,10.0,0.0280898876404494,1.0,C1.1
edge,3026,1.0,9.0,0.0,0.0,0.4728988306488827,1.072666372415812,0.7727826015323473,3.441379986467328,364.0,271.0,9.0,0.0247252747252747,1.0,C1.1
edge,3027,1.0,15.0,0.0,0.0,-0.8280040363556098,1.3268314317753254,0.2494136977098577,1.1178945408143206,358.0,233.0,15.0,0.0418994413407821,1.0,C1.1
edge,3028,1.0,12.0,0.0,0.0,-0.7240236929774507,1.450537997032212,0.3632571520273805,1.93651181221481,372.0,245.0,12.0,0.032258064516129,1.0,C1.1
edge,3029,1.0,10.0,0.0,0.0,-0.3861249366662784,1.2152582129051552,0.4145666381194385,2.135731142232104,447.0,330.0,10.0,0.0223713646532438,1.0,C1.1
edge,3030,1.0,16.0,0.0,0.0,-1.131549117331844,1.1756100169673316,0.0220304498177438,0.1347592741599714,431.0,296.0,16.0,0.037122969837587,1.0,C1.1
enterprise,3001,1.0,5.0,0.0,0.0,-0.1719058167541711,0.1719058167541711,0.0,0.0,957.0,876.0,5.0,0.0052246603970741,1.0,C1.1
enterprise,3002,1.0,5.0,0.0,0.0,0.000388127205337,0.1060920630139833,0.0532400951096602,0.1733268979225151,1119.0,1041.0,5.0,0.0044682752457551,1.0,C1.1
enterprise,3003,1.0,6.0,0.0,0.0,-0.2033797679976433,0.331925568466233,0.0642729002342948,0.2200597132133157,395.0,320.0,6.0,0.0151898734177215,1.0,C1.1
enterprise,3004,1.0,7.0,0.0,0.0,-0.3296253815957927,0.5947587413404396,0.1325666798723234,0.5603688010802035,369.0,291.0,7.0,0.018970189701897,1.0,C1.1
enterprise,3005,1.0,8.0,0.0,0.0,-0.1530803851329469,0.1545937282756608,0.0007566715713569,0.0039346921710559,679.0,580.0,8.0,0.0117820324005891,1.0,C1.1
enterprise,3006,1.0,5.0,0.0,0.0,-0.0982101031382698,0.1384871609976159,0.020138528929673,0.0521078378925074,790.0,726.0,5.0,0.0063291139240506,1.0,C1.1
enterprise,3007,1.0,9.0,0.0,0.0,-0.2878264483004231,0.5493836156298788,0.1307785836647278,0.5098263480887065,880.0,741.0,9.0,0.0102272727272727,1.0,C1.1
enterprise,3008,1.0,6.0,0.0,0.0,-0.102773913123195,0.1970296957207527,0.0471278912987788,0.1592003484817507,1256.0,1155.0,6.0,0.0047770700636942,1.0,C1.1
enterprise,3009,1.0,3.0,0.0,0.0,-0.1040865411546691,0.1150265432462524,0.0054700010457916,0.0147690028236374,1136.0,1090.0,3.0,0.0026408450704225,1.0,C1.1
enterprise,3010,1.0,4.0,0.0,0.0,-0.4015518811496187,0.4015518811496187,0.0,0.0,1205.0,1136.0,4.0,0.0033195020746887,1.0,C1.1
enterprise,3011,1.0,7.0,0.0,0.0,-0.3350333259513267,0.4464098655476772,0.0556882697981752,0.2429179184689751,808.0,700.0,7.0,0.0086633663366336,1.0,C1.1
enterprise,3012,1.0,4.0,0.0,0.0,-0.0588416495173338,0.1445770301318494,0.0428676903072577,0.1457501470446764,1018.0,955.0,4.0,0.0039292730844793,1.0,C1.1
enterprise,3013,1.0,6.0,0.0,0.0,-0.1224978578361025,0.1582227065184757,0.0178624243411865,0.0581723264046072,825.0,735.0,6.0,0.0072727272727272,1.0,C1.1
enterprise,3014,1.0,4.0,0.0,0.0,-0.0353039089112175,0.1535136710343436,0.059104881061563,0.1803135275174559,1011.0,953.0,4.0,0.0039564787339268,1.0,C1.1
enterprise,3015,1.0,3.0,0.0,0.0,-0.1852804294446128,0.1852804294446128,0.0,0.0,1080.0,1031.0,3.0,0.0027777777777777,1.0,C1.1
enterprise,3016,1.0,5.0,0.0,0.0,-0.1723722301013973,0.1723722301013973,0.0,0.0,1025.0,946.0,5.0,0.0048780487804878,1.0,C1.1
enterprise,3017,1.0,6.0,0.0,0.0,-0.1268715006350147,0.2941576772165311,0.0836430882907581,0.2972791877491012,491.0,418.0,6.0,0.0122199592668024,1.0,C1.1
enterprise,3018,1.0,1.0,0.0,0.0,-0.1389690509132588,0.1389690509132588,0.0,0.0,1361.0,1343.0,1.0,0.0007347538574577,1.0,C1.1
enterprise,3019,1.0,4.0,0.0,0.0,-0.2291402754586126,0.2291402754586126,0.0,0.0,937.0,877.0,4.0,0.0042689434364994,1.0,C1.1
enterprise,3020,1.0,4.0,0.0,0.0,-9.088232076735758e-05,0.1320330570696266,0.0659710873744296,0.1735417708798611,965.0,905.0,4.0,0.0041450777202072,1.0,C1.1
enterprise,3021,1.0,8.0,0.0,0.0,-0.2476438448029703,0.3257486823489028,0.0390524187729662,0.1248717195354405,653.0,541.0,8.0,0.0122511485451761,1.0,C1.1
enterprise,3022,1.0,4.0,0.0,0.0,-0.0132811026816748,0.0998339192428679,0.0432764082805965,0.1375656019251171,940.0,878.0,4.0,0.0042553191489361,1.0,C1.1
enterprise,3023,1.0,4.0,0.0,0.0,-0.1488737365856299,0.2976332642715172,0.0743797638429436,0.2413092460649609,743.0,688.0,4.0,0.0053835800807537,1.0,C1.1
enterprise,3024,1.0,6.0,0.0,0.0,-0.4810251866139989,0.6406814480466608,0.0798281307163309,0.1691255522749689,473.0,400.0,6.0,0.0126849894291754,1.0,C1.1
enterprise,3025,1.0,4.0,0.0,0.0,-0.173283076168585,0.2406019759186913,0.0336594498750531,0.0688959939821678,774.0,716.0,4.0,0.0051679586563307,1.0,C1.1
enterprise,3026,1.0,3.0,0.0,0.0,-0.1397903810768188,0.1687064891661313,0.0144580540446562,0.0390367459205718,1281.0,1231.0,3.0,0.0023419203747072,1.0,C1.1
enterprise,3027,1.0,4.0,0.0,0.0,-0.4100426327910604,0.5773851110107081,0.0836712391098238,0.1834596405020252,746.0,688.0,4.0,0.0053619302949061,1.0,C1.1
enterprise,3028,1.0,3.0,0.0,0.0,-0.0202318097326437,0.1692628884523959,0.074515539359876,0.2011919562716653,1265.0,1217.0,3.0,0.0023715415019762,1.0,C1.1
enterprise,3029,1.0,4.0,0.0,0.0,-0.1243631899143684,0.1816805794123373,0.0286586947489844,0.0744629197331783,1166.0,1106.0,4.0,0.0034305317324185,1.0,C1.1
enterprise,3030,1.0,4.0,0.0,0.0,-0.0528818666673861,0.1511441345724608,0.0491311339525373,0.1306342039565558,800.0,742.0,4.0,0.005,1.0,C1.1
hpc,3001,1.0,14.0,0.0,0.0,-2.9882932549064902,3.927161462431038,0.4694341037622736,2.3095732274352136,355.0,228.0,14.0,0.0394366197183098,1.0,C1.1
hpc,3002,1.0,16.0,0.0,0.0,-1.3272182529544327,1.3827505667276427,0.0277661568866048,0.1613004882873956,574.0,371.0,16.0,0.0278745644599303,1.0,C1.1
hpc,3003,1.0,11.0,0.0,0.0,-0.4523001051723543,0.792185232603972,0.1699425637158088,0.7791960914009528,470.0,336.0,11.0,0.0234042553191489,1.0,C1.1
hpc,3004,1.0,16.0,0.0,0.0,-4.120783342949298,4.290529439700847,0.0848730483757744,0.3394921935030979,346.0,222.0,16.0,0.0462427745664739,1.0,C1.1
hpc,3005,1.0,12.0,0.0,0.0,-0.3684774595928999,0.4620801727264752,0.0468013565667877,0.2082435248941436,394.0,258.0,12.0,0.0304568527918781,1.0,C1.1
hpc,3006,1.0,15.0,0.0,0.0,-0.5050090572844165,1.0849616316452917,0.2899762871804375,1.347973149985859,471.0,315.0,15.0,0.0318471337579617,1.0,C1.1
hpc,3007,1.0,18.0,0.0,0.0,-0.339064010560757,2.5355513100610096,1.0982436497501262,7.337868185655591,436.0,264.0,18.0,0.0412844036697247,1.0,C1.1
hpc,3008,1.0,11.0,0.0,0.0,-1.1070908752212485,1.6902152904024854,0.2915622075906187,1.550744075360699,334.0,237.0,11.0,0.0329341317365269,1.0,C1.1
hpc,3009,1.0,17.0,0.0,0.0,-0.7009167570553929,1.0667772007499048,0.182930221847256,0.91411501727909,638.0,422.0,17.0,0.0266457680250783,1.0,C1.1
hpc,3010,1.0,15.0,0.0,0.0,-1.133575946391533,1.3633139996021195,0.1148690266052933,0.6315586351351856,436.0,294.0,15.0,0.0344036697247706,1.0,C1.1
hpc,3011,1.0,13.0,0.0,0.0,-0.568768445554945,0.9756723394854008,0.2034519469652278,1.0177284170423833,409.0,274.0,13.0,0.0317848410757946,1.0,C1.1
hpc,3012,1.0,18.0,0.0,0.0,-0.291967543324122,0.9194849773319906,0.3137587170039343,2.436042273107364,477.0,294.0,18.0,0.0377358490566037,1.0,C1.1
hpc,3013,1.0,19.0,0.0,0.0,-0.8286349771661745,1.2609349815006583,0.216150002167242,1.038552267880338,449.0,297.0,19.0,0.042316258351893,1.0,C1.1
hpc,3014,1.0,17.0,0.0,0.0,-0.628228264908806,1.4436099276290253,0.4076908313601096,2.005860021108754,596.0,403.0,17.0,0.0285234899328859,1.0,C1.1
hpc,3015,1.0,12.0,0.0,0.0,-0.0004645158637537,2.05905927390906,1.029297379022653,4.975046525939485,331.0,234.0,12.0,0.0362537764350453,1.0,C1.1
hpc,3016,1.0,16.0,0.0,0.0,-0.9464215026033144,0.9483124571460476,0.0009454772713664,0.0037819090854659,564.0,380.0,16.0,0.0283687943262411,1.0,C1.1
hpc,3017,1.0,13.0,0.0,0.0,-3.5293008767280822,5.259436010948873,0.8650675671103946,4.498351348974036,331.0,235.0,13.0,0.039274924471299,1.0,C1.1
hpc,3018,1.0,16.0,0.0,0.0,-0.2471808240585313,0.5241773868612123,0.1384982814013404,0.6645578962795031,376.0,243.0,16.0,0.0425531914893617,1.0,C1.1
hpc,3019,1.0,17.0,0.0,0.0,-0.1947280972060241,1.3225122549925572,0.5638920788932665,2.8822505550602133,626.0,444.0,17.0,0.0271565495207667,1.0,C1.1
hpc,3020,1.0,15.0,0.0,0.0,-0.7179260125600287,0.8821829431134218,0.0821284652766964,0.4871250417602938,524.0,322.0,15.0,0.0286259541984732,1.0,C1.1
hpc,3021,1.0,20.0,0.0,0.0,-0.4151115297123334,0.7331069515640929,0.1589977109258797,1.3820463027875434,385.0,225.0,20.0,0.0519480519480519,1.0,C1.1
hpc,3022,1.0,18.0,0.0,0.0,-0.5384578652582023,0.670053491001703,0.0657978128717503,0.2708219624659257,849.0,610.0,18.0,0.0212014134275618,1.0,C1.1
hpc,3023,1.0,12.0,0.0,0.0,-0.3804201728478886,0.5957171100462132,0.1076484685991622,0.5835843116575203,465.0,340.0,12.0,0.0258064516129032,1.0,C1.1
hpc,3024,1.0,14.0,0.0,0.0,-0.4831056894372173,0.6718924110820864,0.0943933608224345,0.4584422248072905,436.0,303.0,14.0,0.0321100917431192,1.0,C1.1
hpc,3025,1.0,10.0,0.0,0.0,-0.7758026056707055,1.389257926625214,0.3067276604772541,1.3097097060316811,837.0,704.0,10.0,0.01194743130227,1.0,C1.1
hpc,3026,1.0,7.0,0.0,0.0,-0.1463194106083269,0.3768608484043728,0.1152707188980229,0.4262204297962124,710.0,617.0,7.0,0.0098591549295774,1.0,C1.1
hpc,3027,1.0,14.0,0.0,0.0,-0.7124814534058403,0.8158641844841449,0.0516913655391522,0.281135617298365,423.0,257.0,14.0,0.0330969267139479,1.0,C1.1
hpc,3028,1.0,16.0,0.0,0.0,-0.0128160787277316,0.3656755181152621,0.1764297196937652,1.0163940150969584,441.0,308.0,16.0,0.0362811791383219,1.0,C1.1
hpc,3029,1.0,18.0,0.0,0.0,-0.3401645205732453,0.4158853343430666,0.0378604068849106,0.1987542765023777,478.0,316.0,18.0,0.0376569037656903,1.0,C1.1
hpc,3030,1.0,16.0,0.0,0.0,-0.1217801367830751,0.3177957385594269,0.0980078008881759,0.405510953108279,524.0,306.0,16.0,0.0305343511450381,1.0,C1.1
warehouse,3001,1.0,10.0,0.0,0.0,-5.631892123557284,6.066965209508092,0.2175365429754042,0.9936899460571084,392.0,296.0,10.0,0.0255102040816326,1.0,C1.1
warehouse,3002,1.0,12.0,0.0,0.0,-2.6850427451895604,3.2010655375509813,0.2580113961807105,1.3932615393758343,533.0,402.0,12.0,0.0225140712945591,1.0,C1.1
warehouse,3003,1.0,7.0,0.0,0.0,-0.7417020817324896,1.1589355503339578,0.2086167343007341,0.6549189608916088,365.0,273.0,7.0,0.0191780821917808,1.0,C1.1
warehouse,3004,1.0,12.0,0.0,0.0,-0.9432719017884326,1.1765358682300564,0.116631983220812,0.5937111096316497,432.0,321.0,12.0,0.0277777777777777,1.0,C1.1
warehouse,3005,1.0,12.0,0.0,0.0,-0.7354290468705411,0.8333974921563788,0.0489842226429188,0.2575859658839927,588.0,408.0,12.0,0.0204081632653061,1.0,C1.1
warehouse,3006,1.0,9.0,0.0,0.0,-4.200789158963859,4.893559461706849,0.346385151371496,1.653055346920134,277.0,170.0,9.0,0.0324909747292418,1.0,C1.1
warehouse,3007,1.0,10.0,0.0,0.0,-1.1813667240902883,1.4216601372636422,0.1201467065866767,0.5622240537113099,614.0,485.0,10.0,0.01628664495114,1.0,C1.1
warehouse,3008,1.0,10.0,0.0,0.0,-0.6197885948991337,0.8089220774550151,0.0945667412779407,0.3597460138109866,417.0,324.0,10.0,0.0239808153477218,1.0,C1.1
warehouse,3009,1.0,9.0,0.0,0.0,-0.3385752814806431,0.4037789405808268,0.0326018295500918,0.176049879570496,482.0,370.0,9.0,0.0186721991701244,1.0,C1.1
warehouse,3010,1.0,17.0,0.0,0.0,-2.858147374217933,3.326697154794193,0.2342748902881299,0.9893916687944436,363.0,222.0,17.0,0.046831955922865,1.0,C1.1
warehouse,3011,1.0,13.0,0.0,0.0,-0.7449038972000266,0.951970762988351,0.1035334328941622,0.4819435702046694,452.0,306.0,13.0,0.0287610619469026,1.0,C1.1
warehouse,3012,1.0,11.0,0.0,0.0,-0.4952150163337417,0.5137289030197795,0.0092569433430188,0.0414176030374972,571.0,433.0,11.0,0.0192644483362521,1.0,C1.1
warehouse,3013,1.0,10.0,0.0,0.0,-0.1934657058409718,0.2523426720122156,0.0294384830856219,0.1164206383185728,946.0,817.0,10.0,0.0105708245243128,1.0,C1.1
warehouse,3014,1.0,13.0,0.0,0.0,-0.3667935380661585,0.4496397426775071,0.0414231023056743,0.2124015570175901,751.0,566.0,13.0,0.0173102529960053,1.0,C1.1
warehouse,3015,1.0,7.0,0.0,0.0,-1.590867767201632,1.8239988829722973,0.1165655578853327,0.4515900418433422,423.0,338.0,7.0,0.0165484633569739,1.0,C1.1
warehouse,3016,1.0,14.0,0.0,0.0,-0.4569215322963363,0.5732330068961191,0.0581557372998913,0.2380774985373845,597.0,406.0,14.0,0.0234505862646566,1.0,C1.1
warehouse,3017,1.0,9.0,0.0,0.0,-1.1962988528507312,1.7581120709190312,0.28090660903415,1.275404835808606,426.0,338.0,9.0,0.0211267605633802,1.0,C1.1
warehouse,3018,1.0,8.0,0.0,0.0,-0.956586795385994,1.1095419595625349,0.0764775820882704,0.2566055776383016,401.0,290.0,8.0,0.0199501246882793,1.0,C1.1
warehouse,3019,1.0,10.0,0.0,0.0,-1.9741841161549492,2.3701146992558564,0.1979652915504529,0.7658011206899407,376.0,265.0,10.0,0.026595744680851,1.0,C1.1
warehouse,3020,1.0,8.0,0.0,0.0,-3.1885811432012554,3.4234396224074506,0.1174292396030976,0.4816079909872715,369.0,272.0,8.0,0.021680216802168,1.0,C1.1
warehouse,3021,1.0,11.0,0.0,0.0,-1.4075613571355206,1.748591175204298,0.1705149090343885,0.9378319996891368,664.0,506.0,11.0,0.0165662650602409,1.0,C1.1
warehouse,3022,1.0,12.0,0.0,0.0,-0.4670794898835388,0.7509835390393212,0.1419520245778911,0.7849856570038161,399.0,252.0,12.0,0.0300751879699248,1.0,C1.1
warehouse,3023,1.0,11.0,0.0,0.0,-2.214561757534229,2.8804328463316256,0.3329355443986982,1.753419103262262,360.0,251.0,11.0,0.0305555555555555,1.0,C1.1
warehouse,3024,1.0,8.0,0.0,0.0,-0.4867178826846247,0.6578904458110316,0.0855862815632034,0.3210490757344379,360.0,266.0,8.0,0.0222222222222222,1.0,C1.1
warehouse,3025,1.0,8.0,0.0,0.0,-0.723413689694131,0.7653724516288654,0.0209793809673671,0.1003990590603378,357.0,257.0,8.0,0.0224089635854341,1.0,C1.1
warehouse,3026,1.0,8.0,0.0,0.0,-0.519098164629041,0.6030992901642428,0.0420005627676009,0.1935255092183216,698.0,590.0,8.0,0.0114613180515759,1.0,C1.1
warehouse,3027,1.0,9.0,0.0,0.0,-0.4861356810853219,0.6188804565337532,0.0663723877242156,0.2702045211839259,514.0,405.0,9.0,0.0175097276264591,1.0,C1.1
warehouse,3028,1.0,11.0,0.0,0.0,-1.1900287222138972,1.656104237011038,0.2330377573985702,0.9515944906330304,449.0,320.0,11.0,0.0244988864142538,1.0,C1.1
warehouse,3029,1.0,7.0,0.0,0.0,-10.928736984368207,10.928736984368207,0.0,0.0,345.0,260.0,7.0,0.0202898550724637,1.0,C1.1
warehouse,3030,1.0,9.0,0.0,0.0,-1.2956793839441814,1.6232317049877878,0.1637761605218031,0.6437553176140738,438.0,324.0,9.0,0.0205479452054794,1.0,C1.1
